<?xml version="1.0" encoding="UTF-8"?>
<beans xmlns="http://www.springframework.org/schema/beans"
	xmlns:xsi="http://www.w3.org/2001/XMLSchema-instance"
	xmlns:batch="http://www.springframework.org/schema/batch"
	xsi:schemaLocation="http://www.springframework.org/schema/batch http://www.springframework.org/schema/batch/spring-batch.xsd
		http://www.springframework.org/schema/beans http://www.springframework.org/schema/beans/spring-beans.xsd">

	<!-- DB연결 정보를 입포트 한다. -->
	<import resource="classpath:context-datasource.xml" />

	<!-- 일을 저장할 저장소를 만든다. -->
	<bean
		class="org.springframework.batch.core.repository.support.MapJobRepositoryFactoryBean"
		id="jobRepository"></bean>

	<!-- 일을 실행할 실행기를 만든다. -->
	<bean
		class="org.springframework.batch.core.launch.support.SimpleJobLauncher"
		id="jobLauncher">
		<property name="jobRepository" ref="jobRepository"></property>
	</bean>

	<!-- 일을 등록한다. -->
	<!-- 읽을때 사용할 객체 -->
	<!-- <bean class="kr.green.batch.vo.JsonFileItemReader"	id="jsonReader" scope="step">에서 step을 지워도 자동으로 작동된다 -->
	<bean class="kr.green.batch.vo.JsonFileItemReader"	id="jsonReader">
		<property name="resource" value="classpath:hanjatest.json"></property>
		<property name="classToBound" value="kr.green.batch.vo.HanjaVO"></property>
	</bean>
	
	<!-- DB에 저장할때 사용할 객체 -->
	<bean
		class="org.springframework.batch.item.database.JdbcBatchItemWriter"
		id="jdbcItemWriter">
		<property name="dataSource" ref="dataSource"></property>
		<property name="sql">
			<value>
				<![CDATA[
					insert into hanjatest 
					values (hanjatest_idx_seq.nextval, ?, ?, ?, ?, ?, ?, ?, ?, ?)
				]]>
			</value>
		</property>
		<property name="itemPreparedStatementSetter">
			<bean
				class="kr.green.batch.vo.HanjaVOItemPreparedStatementSetter"></bean>
		</property>
	</bean>

	<!-- 아이템 한개 처리시마다 실행할 프로세스 등록 -->
	<bean id="itemProcessor"
		class="kr.green.batch.vo.HanjaVOItemProcessor"></bean>
	<!-- 감시자 등록 : 시작과 종료시 처리 -->
	<bean id="jobListener"
		class="kr.green.batch.vo.HanjaVOJobListener"></bean>

	<!-- 트랜젝션메니저 등록 -->
	<bean
		class="org.springframework.batch.support.transaction.ResourcelessTransactionManager"
		id="transactionManager" />

	<!-- 실제일을 등록한다. -->
	<batch:job id="hanjaVOJob">
		<batch:step id="step1">
			<batch:tasklet transaction-manager="transactionManager">
				<batch:chunk reader="jsonReader" writer="jdbcItemWriter"
					processor="itemProcessor" commit-interval="100"></batch:chunk>
			</batch:tasklet>
		</batch:step>
		<batch:listeners>
			<batch:listener ref="jobListener"></batch:listener>
		</batch:listeners>
	</batch:job>
</beans>
