<?xml version="1.0" encoding="UTF-8"?>
<hanjaList>
	<hanjaVO>
		<h>天</h>
		<idx>1</idx>
		<k>천</k>
		<m>하늘 천</m>
	</hanjaVO>
	<hanjaVO>
		<h>地</h>
		<idx>2</idx>
		<k>지</k>
		<m>땅 지</m>
	</hanjaVO>
	<hanjaVO>
		<h>玄</h>
		<idx>3</idx>
		<k>현</k>
		<m>검을 현</m>
	</hanjaVO>
	<hanjaVO>
		<h>黃</h>
		<idx>4</idx>
		<k>황</k>
		<m>누를 황</m>
	</hanjaVO>
	<hanjaVO>
		<h>宇</h>
		<idx>5</idx>
		<k>우</k>
		<m>집 우</m>
	</hanjaVO>
	<hanjaVO>
		<h>宙</h>
		<idx>6</idx>
		<k>주</k>
		<m>집 주</m>
	</hanjaVO>
	<hanjaVO>
		<h>洪</h>
		<idx>7</idx>
		<k>홍</k>
		<m>넓을 홍</m>
	</hanjaVO>
	<hanjaVO>
		<h>荒</h>
		<idx>8</idx>
		<k>황</k>
		<m>거칠 황</m>
	</hanjaVO>
	<hanjaVO>
		<h>日</h>
		<idx>9</idx>
		<k>일</k>
		<m>날 일</m>
	</hanjaVO>
	<hanjaVO>
		<h>月</h>
		<idx>10</idx>
		<k>월</k>
		<m>달 월</m>
	</hanjaVO>
	<hanjaVO>
		<h>盈</h>
		<idx>11</idx>
		<k>영</k>
		<m>찰 영</m>
	</hanjaVO>
	<hanjaVO>
		<h>昃</h>
		<idx>12</idx>
		<k>측</k>
		<m>기울 측</m>
	</hanjaVO>
	<hanjaVO>
		<h>辰</h>
		<idx>13</idx>
		<k>진</k>
		<m>별 진</m>
	</hanjaVO>
	<hanjaVO>
		<h>宿</h>
		<idx>14</idx>
		<k>숙</k>
		<m>잘 숙</m>
	</hanjaVO>
	<hanjaVO>
		<h>列</h>
		<idx>15</idx>
		<k>열</k>
		<m>벌일 열</m>
	</hanjaVO>
	<hanjaVO>
		<h>張</h>
		<idx>16</idx>
		<k>장</k>
		<m>베풀 장</m>
	</hanjaVO>
	<hanjaVO>
		<h>寒</h>
		<idx>17</idx>
		<k>한</k>
		<m>찰 한</m>
	</hanjaVO>
	<hanjaVO>
		<h>來</h>
		<idx>18</idx>
		<k>래</k>
		<m>올 래</m>
	</hanjaVO>
	<hanjaVO>
		<h>暑</h>
		<idx>19</idx>
		<k>서</k>
		<m>더울 서</m>
	</hanjaVO>
	<hanjaVO>
		<h>往</h>
		<idx>20</idx>
		<k>왕</k>
		<m>갈 왕</m>
	</hanjaVO>
	<hanjaVO>
		<h>秋</h>
		<idx>21</idx>
		<k>추</k>
		<m>가을 추</m>
	</hanjaVO>
	<hanjaVO>
		<h>收</h>
		<idx>22</idx>
		<k>수</k>
		<m>거둘 수</m>
	</hanjaVO>
	<hanjaVO>
		<h>冬</h>
		<idx>23</idx>
		<k>동</k>
		<m>겨울 동</m>
	</hanjaVO>
	<hanjaVO>
		<h>藏</h>
		<idx>24</idx>
		<k>장</k>
		<m>감출 장</m>
	</hanjaVO>
	<hanjaVO>
		<h>閏</h>
		<idx>25</idx>
		<k>윤</k>
		<m>윤달 윤</m>
	</hanjaVO>
	<hanjaVO>
		<h>餘</h>
		<idx>26</idx>
		<k>여</k>
		<m>남을 여</m>
	</hanjaVO>
	<hanjaVO>
		<h>成</h>
		<idx>27</idx>
		<k>성</k>
		<m>이룰 성</m>
	</hanjaVO>
	<hanjaVO>
		<h>歲</h>
		<idx>28</idx>
		<k>세</k>
		<m>해 세</m>
	</hanjaVO>
	<hanjaVO>
		<h>律</h>
		<idx>29</idx>
		<k>율</k>
		<m>가락 률</m>
	</hanjaVO>
	<hanjaVO>
		<h>呂</h>
		<idx>30</idx>
		<k>려</k>
		<m>음률 려</m>
	</hanjaVO>
	<hanjaVO>
		<h>調</h>
		<idx>31</idx>
		<k>조</k>
		<m>고를 조</m>
	</hanjaVO>
	<hanjaVO>
		<h>陽</h>
		<idx>32</idx>
		<k>양</k>
		<m>볕 양</m>
	</hanjaVO>
	<hanjaVO>
		<h>雲</h>
		<idx>33</idx>
		<k>운</k>
		<m>구름 운</m>
	</hanjaVO>
	<hanjaVO>
		<h>騰</h>
		<idx>34</idx>
		<k>등</k>
		<m>오를 등</m>
	</hanjaVO>
	<hanjaVO>
		<h>致</h>
		<idx>35</idx>
		<k>치</k>
		<m>이를 치</m>
	</hanjaVO>
	<hanjaVO>
		<h>雨</h>
		<idx>36</idx>
		<k>우</k>
		<m>비 우</m>
	</hanjaVO>
	<hanjaVO>
		<h>露</h>
		<idx>37</idx>
		<k>노</k>
		<m>이슬 로</m>
	</hanjaVO>
	<hanjaVO>
		<h>結</h>
		<idx>38</idx>
		<k>결</k>
		<m>맺을 결</m>
	</hanjaVO>
	<hanjaVO>
		<h>爲</h>
		<idx>39</idx>
		<k>위</k>
		<m>할 위</m>
	</hanjaVO>
	<hanjaVO>
		<h>霜</h>
		<idx>40</idx>
		<k>상</k>
		<m>서리 상</m>
	</hanjaVO>
	<hanjaVO>
		<h>金</h>
		<idx>41</idx>
		<k>금</k>
		<m>쇠 금</m>
	</hanjaVO>
	<hanjaVO>
		<h>生</h>
		<idx>42</idx>
		<k>생</k>
		<m>낳을 생</m>
	</hanjaVO>
	<hanjaVO>
		<h>麗</h>
		<idx>43</idx>
		<k>여</k>
		<m>고울 려</m>
	</hanjaVO>
	<hanjaVO>
		<h>水</h>
		<idx>44</idx>
		<k>수</k>
		<m>물 수</m>
	</hanjaVO>
	<hanjaVO>
		<h>玉</h>
		<idx>45</idx>
		<k>옥</k>
		<m>구슬 옥</m>
	</hanjaVO>
	<hanjaVO>
		<h>出</h>
		<idx>46</idx>
		<k>출</k>
		<m>날 출</m>
	</hanjaVO>
	<hanjaVO>
		<h>崑</h>
		<idx>47</idx>
		<k>곤</k>
		<m>메 곤</m>
	</hanjaVO>
	<hanjaVO>
		<h>岡</h>
		<idx>48</idx>
		<k>강</k>
		<m>메 강</m>
	</hanjaVO>
	<hanjaVO>
		<h>劍</h>
		<idx>49</idx>
		<k>검</k>
		<m>칼 검</m>
	</hanjaVO>
	<hanjaVO>
		<h>號</h>
		<idx>50</idx>
		<k>호</k>
		<m>이름 호</m>
	</hanjaVO>
	<hanjaVO>
		<h>巨</h>
		<idx>51</idx>
		<k>거</k>
		<m>클 거</m>
	</hanjaVO>
	<hanjaVO>
		<h>闕</h>
		<idx>52</idx>
		<k>궐</k>
		<m>대궐 궐</m>
	</hanjaVO>
	<hanjaVO>
		<h>珠</h>
		<idx>53</idx>
		<k>주</k>
		<m>구슬 주</m>
	</hanjaVO>
	<hanjaVO>
		<h>稱</h>
		<idx>54</idx>
		<k>칭</k>
		<m>일컬을 칭</m>
	</hanjaVO>
	<hanjaVO>
		<h>夜</h>
		<idx>55</idx>
		<k>야</k>
		<m>밤 야</m>
	</hanjaVO>
	<hanjaVO>
		<h>光</h>
		<idx>56</idx>
		<k>광</k>
		<m>빛 광</m>
	</hanjaVO>
	<hanjaVO>
		<h>果</h>
		<idx>57</idx>
		<k>과</k>
		<m>과실 과</m>
	</hanjaVO>
	<hanjaVO>
		<h>珍</h>
		<idx>58</idx>
		<k>진</k>
		<m>보배 진</m>
	</hanjaVO>
	<hanjaVO>
		<h>李</h>
		<idx>59</idx>
		<k>이</k>
		<m>오얏 리</m>
	</hanjaVO>
	<hanjaVO>
		<h>柰</h>
		<idx>60</idx>
		<k>내</k>
		<m>능금나무 내</m>
	</hanjaVO>
	<hanjaVO>
		<h>菜</h>
		<idx>61</idx>
		<k>채</k>
		<m>나물 채</m>
	</hanjaVO>
	<hanjaVO>
		<h>重</h>
		<idx>62</idx>
		<k>중</k>
		<m>무거울 중</m>
	</hanjaVO>
	<hanjaVO>
		<h>芥</h>
		<idx>63</idx>
		<k>개</k>
		<m>겨자 개</m>
	</hanjaVO>
	<hanjaVO>
		<h>薑</h>
		<idx>64</idx>
		<k>강</k>
		<m>생강 강</m>
	</hanjaVO>
	<hanjaVO>
		<h>海</h>
		<idx>65</idx>
		<k>해</k>
		<m>바다 해</m>
	</hanjaVO>
	<hanjaVO>
		<h>鹹</h>
		<idx>66</idx>
		<k>함</k>
		<m>짤 함</m>
	</hanjaVO>
	<hanjaVO>
		<h>河</h>
		<idx>67</idx>
		<k>하</k>
		<m>물 하</m>
	</hanjaVO>
	<hanjaVO>
		<h>淡</h>
		<idx>68</idx>
		<k>담</k>
		<m>묽을 담</m>
	</hanjaVO>
	<hanjaVO>
		<h>鱗</h>
		<idx>69</idx>
		<k>인</k>
		<m>비늘 린</m>
	</hanjaVO>
	<hanjaVO>
		<h>潛</h>
		<idx>70</idx>
		<k>잠</k>
		<m>잠길 잠</m>
	</hanjaVO>
	<hanjaVO>
		<h>羽</h>
		<idx>71</idx>
		<k>우</k>
		<m>깃 우</m>
	</hanjaVO>
	<hanjaVO>
		<h>翔</h>
		<idx>72</idx>
		<k>상</k>
		<m>높이 날 상</m>
	</hanjaVO>
	<hanjaVO>
		<h>龍</h>
		<idx>73</idx>
		<k>용</k>
		<m>용 룡</m>
	</hanjaVO>
	<hanjaVO>
		<h>師</h>
		<idx>74</idx>
		<k>사</k>
		<m>스승 사</m>
	</hanjaVO>
	<hanjaVO>
		<h>火</h>
		<idx>75</idx>
		<k>화</k>
		<m>불 화</m>
	</hanjaVO>
	<hanjaVO>
		<h>帝</h>
		<idx>76</idx>
		<k>제</k>
		<m>임금 제</m>
	</hanjaVO>
	<hanjaVO>
		<h>鳥</h>
		<idx>77</idx>
		<k>조</k>
		<m>새 조</m>
	</hanjaVO>
	<hanjaVO>
		<h>官</h>
		<idx>78</idx>
		<k>관</k>
		<m>벼슬 관</m>
	</hanjaVO>
	<hanjaVO>
		<h>人</h>
		<idx>79</idx>
		<k>인</k>
		<m>사람 인</m>
	</hanjaVO>
	<hanjaVO>
		<h>皇</h>
		<idx>80</idx>
		<k>황</k>
		<m>임금 황</m>
	</hanjaVO>
	<hanjaVO>
		<h>始</h>
		<idx>81</idx>
		<k>시</k>
		<m>처음 시</m>
	</hanjaVO>
	<hanjaVO>
		<h>制</h>
		<idx>82</idx>
		<k>제</k>
		<m>지을 제</m>
	</hanjaVO>
	<hanjaVO>
		<h>文</h>
		<idx>83</idx>
		<k>문</k>
		<m>글월 문</m>
	</hanjaVO>
	<hanjaVO>
		<h>字</h>
		<idx>84</idx>
		<k>자</k>
		<m>글자 자</m>
	</hanjaVO>
	<hanjaVO>
		<h>乃</h>
		<idx>85</idx>
		<k>내</k>
		<m>이에 내</m>
	</hanjaVO>
	<hanjaVO>
		<h>服</h>
		<idx>86</idx>
		<k>복</k>
		<m>옷 복</m>
	</hanjaVO>
	<hanjaVO>
		<h>衣</h>
		<idx>87</idx>
		<k>의</k>
		<m>옷 의</m>
	</hanjaVO>
	<hanjaVO>
		<h>裳</h>
		<idx>88</idx>
		<k>상</k>
		<m>치마 상</m>
	</hanjaVO>
	<hanjaVO>
		<h>推</h>
		<idx>89</idx>
		<k>추</k>
		<m>밀 추</m>
	</hanjaVO>
	<hanjaVO>
		<h>位</h>
		<idx>90</idx>
		<k>위</k>
		<m>자리 위</m>
	</hanjaVO>
	<hanjaVO>
		<h>讓</h>
		<idx>91</idx>
		<k>양</k>
		<m>사양할 양</m>
	</hanjaVO>
	<hanjaVO>
		<h>國</h>
		<idx>92</idx>
		<k>국</k>
		<m>나라 국</m>
	</hanjaVO>
	<hanjaVO>
		<h>有</h>
		<idx>93</idx>
		<k>유</k>
		<m>있을 유</m>
	</hanjaVO>
	<hanjaVO>
		<h>虞</h>
		<idx>94</idx>
		<k>우</k>
		<m>헤아릴 우</m>
	</hanjaVO>
	<hanjaVO>
		<h>陶</h>
		<idx>95</idx>
		<k>도</k>
		<m>질그릇 도</m>
	</hanjaVO>
	<hanjaVO>
		<h>唐</h>
		<idx>96</idx>
		<k>당</k>
		<m>당나라 당</m>
	</hanjaVO>
	<hanjaVO>
		<h>弔</h>
		<idx>97</idx>
		<k>조</k>
		<m>슬퍼할 조</m>
	</hanjaVO>
	<hanjaVO>
		<h>民</h>
		<idx>98</idx>
		<k>민</k>
		<m>백성 민</m>
	</hanjaVO>
	<hanjaVO>
		<h>伐</h>
		<idx>99</idx>
		<k>벌</k>
		<m>칠 벌</m>
	</hanjaVO>
	<hanjaVO>
		<h>罪</h>
		<idx>100</idx>
		<k>죄</k>
		<m>허물 죄</m>
	</hanjaVO>
	<hanjaVO>
		<h>周</h>
		<idx>101</idx>
		<k>주</k>
		<m>두루 주</m>
	</hanjaVO>
	<hanjaVO>
		<h>發</h>
		<idx>102</idx>
		<k>발</k>
		<m>필 발</m>
	</hanjaVO>
	<hanjaVO>
		<h>殷</h>
		<idx>103</idx>
		<k>은</k>
		<m>나라이름 은</m>
	</hanjaVO>
	<hanjaVO>
		<h>湯</h>
		<idx>104</idx>
		<k>탕</k>
		<m>끓을 탕</m>
	</hanjaVO>
	<hanjaVO>
		<h>坐</h>
		<idx>105</idx>
		<k>좌</k>
		<m>앉을 좌</m>
	</hanjaVO>
	<hanjaVO>
		<h>朝</h>
		<idx>106</idx>
		<k>조</k>
		<m>아침 조</m>
	</hanjaVO>
	<hanjaVO>
		<h>問</h>
		<idx>107</idx>
		<k>문</k>
		<m>물을 문</m>
	</hanjaVO>
	<hanjaVO>
		<h>道</h>
		<idx>108</idx>
		<k>도</k>
		<m>길/말할 도</m>
	</hanjaVO>
	<hanjaVO>
		<h>垂</h>
		<idx>109</idx>
		<k>수</k>
		<m>드리울 수</m>
	</hanjaVO>
	<hanjaVO>
		<h>拱</h>
		<idx>110</idx>
		<k>공</k>
		<m>껴안을 공</m>
	</hanjaVO>
	<hanjaVO>
		<h>平</h>
		<idx>111</idx>
		<k>평</k>
		<m>평평할 평</m>
	</hanjaVO>
	<hanjaVO>
		<h>章</h>
		<idx>112</idx>
		<k>장</k>
		<m>글월 장</m>
	</hanjaVO>
	<hanjaVO>
		<h>愛</h>
		<idx>113</idx>
		<k>애</k>
		<m>사랑 애</m>
	</hanjaVO>
	<hanjaVO>
		<h>育</h>
		<idx>114</idx>
		<k>육</k>
		<m>기를 육</m>
	</hanjaVO>
	<hanjaVO>
		<h>黎</h>
		<idx>115</idx>
		<k>여</k>
		<m>검을 려</m>
	</hanjaVO>
	<hanjaVO>
		<h>首</h>
		<idx>116</idx>
		<k>수</k>
		<m>머리 수</m>
	</hanjaVO>
	<hanjaVO>
		<h>臣</h>
		<idx>117</idx>
		<k>신</k>
		<m>신하 신</m>
	</hanjaVO>
	<hanjaVO>
		<h>伏</h>
		<idx>118</idx>
		<k>복</k>
		<m>엎드릴 복</m>
	</hanjaVO>
	<hanjaVO>
		<h>戎</h>
		<idx>119</idx>
		<k>융</k>
		<m>오랑캐 융</m>
	</hanjaVO>
	<hanjaVO>
		<h>羌</h>
		<idx>120</idx>
		<k>강</k>
		<m>종족이름 강</m>
	</hanjaVO>
	<hanjaVO>
		<h>遐</h>
		<idx>121</idx>
		<k>하</k>
		<m>멀 하</m>
	</hanjaVO>
	<hanjaVO>
		<h>邇</h>
		<idx>122</idx>
		<k>이</k>
		<m>가까울 이</m>
	</hanjaVO>
	<hanjaVO>
		<h>壹</h>
		<idx>123</idx>
		<k>일</k>
		<m>한 일</m>
	</hanjaVO>
	<hanjaVO>
		<h>體</h>
		<idx>124</idx>
		<k>체</k>
		<m>몸 체</m>
	</hanjaVO>
	<hanjaVO>
		<h>率</h>
		<idx>125</idx>
		<k>솔</k>
		<m>거느릴 솔/비율 률</m>
	</hanjaVO>
	<hanjaVO>
		<h>賓</h>
		<idx>126</idx>
		<k>빈</k>
		<m>손 빈</m>
	</hanjaVO>
	<hanjaVO>
		<h>歸</h>
		<idx>127</idx>
		<k>귀</k>
		<m>돌아갈 귀</m>
	</hanjaVO>
	<hanjaVO>
		<h>王</h>
		<idx>128</idx>
		<k>왕</k>
		<m>임금 왕</m>
	</hanjaVO>
	<hanjaVO>
		<h>鳴</h>
		<idx>129</idx>
		<k>명</k>
		<m>울 명</m>
	</hanjaVO>
	<hanjaVO>
		<h>鳳</h>
		<idx>130</idx>
		<k>봉</k>
		<m>봉황새 봉</m>
	</hanjaVO>
	<hanjaVO>
		<h>在</h>
		<idx>131</idx>
		<k>재</k>
		<m>있을 재</m>
	</hanjaVO>
	<hanjaVO>
		<h>樹</h>
		<idx>132</idx>
		<k>수</k>
		<m>나무 수</m>
	</hanjaVO>
	<hanjaVO>
		<h>白</h>
		<idx>133</idx>
		<k>백</k>
		<m>흰 백</m>
	</hanjaVO>
	<hanjaVO>
		<h>駒</h>
		<idx>134</idx>
		<k>구</k>
		<m>망아지 구</m>
	</hanjaVO>
	<hanjaVO>
		<h>食</h>
		<idx>135</idx>
		<k>식</k>
		<m>밥 식</m>
	</hanjaVO>
	<hanjaVO>
		<h>場</h>
		<idx>136</idx>
		<k>장</k>
		<m>마당 장</m>
	</hanjaVO>
	<hanjaVO>
		<h>化</h>
		<idx>137</idx>
		<k>화</k>
		<m>될 화</m>
	</hanjaVO>
	<hanjaVO>
		<h>被</h>
		<idx>138</idx>
		<k>피</k>
		<m>입을 피</m>
	</hanjaVO>
	<hanjaVO>
		<h>草</h>
		<idx>139</idx>
		<k>초</k>
		<m>풀 초</m>
	</hanjaVO>
	<hanjaVO>
		<h>木</h>
		<idx>140</idx>
		<k>목</k>
		<m>나무 목</m>
	</hanjaVO>
	<hanjaVO>
		<h>賴</h>
		<idx>141</idx>
		<k>뇌</k>
		<m>힘입을 뢰</m>
	</hanjaVO>
	<hanjaVO>
		<h>及</h>
		<idx>142</idx>
		<k>급</k>
		<m>미칠 급</m>
	</hanjaVO>
	<hanjaVO>
		<h>萬</h>
		<idx>143</idx>
		<k>만</k>
		<m>일만 만</m>
	</hanjaVO>
	<hanjaVO>
		<h>方</h>
		<idx>144</idx>
		<k>방</k>
		<m>모 방</m>
	</hanjaVO>
	<hanjaVO>
		<h>蓋</h>
		<idx>145</idx>
		<k>개</k>
		<m>덮을 개</m>
	</hanjaVO>
	<hanjaVO>
		<h>此</h>
		<idx>146</idx>
		<k>차</k>
		<m>이 차</m>
	</hanjaVO>
	<hanjaVO>
		<h>身</h>
		<idx>147</idx>
		<k>신</k>
		<m>몸 신</m>
	</hanjaVO>
	<hanjaVO>
		<h>髮</h>
		<idx>148</idx>
		<k>발</k>
		<m>터럭 발</m>
	</hanjaVO>
	<hanjaVO>
		<h>四</h>
		<idx>149</idx>
		<k>사</k>
		<m>넉 사</m>
	</hanjaVO>
	<hanjaVO>
		<h>大</h>
		<idx>150</idx>
		<k>대</k>
		<m>큰 대</m>
	</hanjaVO>
	<hanjaVO>
		<h>五</h>
		<idx>151</idx>
		<k>오</k>
		<m>다섯 오</m>
	</hanjaVO>
	<hanjaVO>
		<h>常</h>
		<idx>152</idx>
		<k>상</k>
		<m>항상 상</m>
	</hanjaVO>
	<hanjaVO>
		<h>恭</h>
		<idx>153</idx>
		<k>공</k>
		<m>공손할 공</m>
	</hanjaVO>
	<hanjaVO>
		<h>惟</h>
		<idx>154</idx>
		<k>유</k>
		<m>오직 유</m>
	</hanjaVO>
	<hanjaVO>
		<h>鞠</h>
		<idx>155</idx>
		<k>국</k>
		<m>국문할 국</m>
	</hanjaVO>
	<hanjaVO>
		<h>養</h>
		<idx>156</idx>
		<k>양</k>
		<m>기를 양</m>
	</hanjaVO>
	<hanjaVO>
		<h>豈</h>
		<idx>157</idx>
		<k>기</k>
		<m>어찌 기</m>
	</hanjaVO>
	<hanjaVO>
		<h>敢</h>
		<idx>158</idx>
		<k>감</k>
		<m>감히 감</m>
	</hanjaVO>
	<hanjaVO>
		<h>毁</h>
		<idx>159</idx>
		<k>훼</k>
		<m>헐 훼</m>
	</hanjaVO>
	<hanjaVO>
		<h>傷</h>
		<idx>160</idx>
		<k>상</k>
		<m>상할 상</m>
	</hanjaVO>
	<hanjaVO>
		<h>女</h>
		<idx>161</idx>
		<k>여</k>
		<m>계집 녀</m>
	</hanjaVO>
	<hanjaVO>
		<h>慕</h>
		<idx>162</idx>
		<k>모</k>
		<m>사모할 모</m>
	</hanjaVO>
	<hanjaVO>
		<h>貞</h>
		<idx>163</idx>
		<k>정</k>
		<m>곧을 정</m>
	</hanjaVO>
	<hanjaVO>
		<h>烈</h>
		<idx>164</idx>
		<k>열</k>
		<m>매울 렬</m>
	</hanjaVO>
	<hanjaVO>
		<h>男</h>
		<idx>165</idx>
		<k>남</k>
		<m>사내 남</m>
	</hanjaVO>
	<hanjaVO>
		<h>效</h>
		<idx>166</idx>
		<k>효</k>
		<m>본받을 효</m>
	</hanjaVO>
	<hanjaVO>
		<h>才</h>
		<idx>167</idx>
		<k>재</k>
		<m>재주 재</m>
	</hanjaVO>
	<hanjaVO>
		<h>良</h>
		<idx>168</idx>
		<k>량</k>
		<m>어질 량</m>
	</hanjaVO>
	<hanjaVO>
		<h>知</h>
		<idx>169</idx>
		<k>지</k>
		<m>알 지</m>
	</hanjaVO>
	<hanjaVO>
		<h>過</h>
		<idx>170</idx>
		<k>과</k>
		<m>지날/허물 과</m>
	</hanjaVO>
	<hanjaVO>
		<h>必</h>
		<idx>171</idx>
		<k>필</k>
		<m>반드시 필</m>
	</hanjaVO>
	<hanjaVO>
		<h>改</h>
		<idx>172</idx>
		<k>개</k>
		<m>고칠 개</m>
	</hanjaVO>
	<hanjaVO>
		<h>得</h>
		<idx>173</idx>
		<k>득</k>
		<m>얻을 득</m>
	</hanjaVO>
	<hanjaVO>
		<h>能</h>
		<idx>174</idx>
		<k>능</k>
		<m>능할 능</m>
	</hanjaVO>
	<hanjaVO>
		<h>莫</h>
		<idx>175</idx>
		<k>막</k>
		<m>말 막</m>
	</hanjaVO>
	<hanjaVO>
		<h>忘</h>
		<idx>176</idx>
		<k>망</k>
		<m>잊을 망</m>
	</hanjaVO>
	<hanjaVO>
		<h>罔</h>
		<idx>177</idx>
		<k>망</k>
		<m>없을 망</m>
	</hanjaVO>
	<hanjaVO>
		<h>談</h>
		<idx>178</idx>
		<k>담</k>
		<m>말씀 담</m>
	</hanjaVO>
	<hanjaVO>
		<h>彼</h>
		<idx>179</idx>
		<k>피</k>
		<m>저 피</m>
	</hanjaVO>
	<hanjaVO>
		<h>短</h>
		<idx>180</idx>
		<k>단</k>
		<m>짧을 단</m>
	</hanjaVO>
	<hanjaVO>
		<h>靡</h>
		<idx>181</idx>
		<k>미</k>
		<m>아닐 미</m>
	</hanjaVO>
	<hanjaVO>
		<h>恃</h>
		<idx>182</idx>
		<k>시</k>
		<m>믿을 시</m>
	</hanjaVO>
	<hanjaVO>
		<h>己</h>
		<idx>183</idx>
		<k>기</k>
		<m>몸 기</m>
	</hanjaVO>
	<hanjaVO>
		<h>長</h>
		<idx>184</idx>
		<k>장</k>
		<m>길 장</m>
	</hanjaVO>
	<hanjaVO>
		<h>信</h>
		<idx>185</idx>
		<k>신</k>
		<m>믿을 신</m>
	</hanjaVO>
	<hanjaVO>
		<h>使</h>
		<idx>186</idx>
		<k>사</k>
		<m>하여금 사</m>
	</hanjaVO>
	<hanjaVO>
		<h>可</h>
		<idx>187</idx>
		<k>가</k>
		<m>옳을 가</m>
	</hanjaVO>
	<hanjaVO>
		<h>覆</h>
		<idx>188</idx>
		<k>복</k>
		<m>뒤집힐 복</m>
	</hanjaVO>
	<hanjaVO>
		<h>器</h>
		<idx>189</idx>
		<k>기</k>
		<m>그릇 기</m>
	</hanjaVO>
	<hanjaVO>
		<h>欲</h>
		<idx>190</idx>
		<k>욕</k>
		<m>하고자할 욕</m>
	</hanjaVO>
	<hanjaVO>
		<h>難</h>
		<idx>191</idx>
		<k>난</k>
		<m>어려울 난</m>
	</hanjaVO>
	<hanjaVO>
		<h>量</h>
		<idx>192</idx>
		<k>량</k>
		<m>헤아릴 량</m>
	</hanjaVO>
	<hanjaVO>
		<h>墨</h>
		<idx>193</idx>
		<k>묵</k>
		<m>먹 묵</m>
	</hanjaVO>
	<hanjaVO>
		<h>悲</h>
		<idx>194</idx>
		<k>비</k>
		<m>슬플 비</m>
	</hanjaVO>
	<hanjaVO>
		<h>絲</h>
		<idx>195</idx>
		<k>사</k>
		<m>실 사</m>
	</hanjaVO>
	<hanjaVO>
		<h>染</h>
		<idx>196</idx>
		<k>염</k>
		<m>물들일 염</m>
	</hanjaVO>
	<hanjaVO>
		<h>詩</h>
		<idx>197</idx>
		<k>시</k>
		<m>시 시</m>
	</hanjaVO>
	<hanjaVO>
		<h>讚</h>
		<idx>198</idx>
		<k>찬</k>
		<m>칭찬할 찬</m>
	</hanjaVO>
	<hanjaVO>
		<h>羔</h>
		<idx>199</idx>
		<k>고</k>
		<m>새끼양 고</m>
	</hanjaVO>
	<hanjaVO>
		<h>羊</h>
		<idx>200</idx>
		<k>양</k>
		<m>양 양</m>
	</hanjaVO>
	<hanjaVO>
		<h>景</h>
		<idx>201</idx>
		<k>경</k>
		<m>경치 경</m>
	</hanjaVO>
	<hanjaVO>
		<h>行</h>
		<idx>202</idx>
		<k>행</k>
		<m>다닐 행/항렬 항</m>
	</hanjaVO>
	<hanjaVO>
		<h>維</h>
		<idx>203</idx>
		<k>유</k>
		<m>벼리 유</m>
	</hanjaVO>
	<hanjaVO>
		<h>賢</h>
		<idx>204</idx>
		<k>현</k>
		<m>어질 현</m>
	</hanjaVO>
	<hanjaVO>
		<h>克</h>
		<idx>205</idx>
		<k>극</k>
		<m>이길 극</m>
	</hanjaVO>
	<hanjaVO>
		<h>念</h>
		<idx>206</idx>
		<k>념</k>
		<m>생각 념</m>
	</hanjaVO>
	<hanjaVO>
		<h>作</h>
		<idx>207</idx>
		<k>작</k>
		<m>지을 작</m>
	</hanjaVO>
	<hanjaVO>
		<h>聖</h>
		<idx>208</idx>
		<k>성</k>
		<m>성인 성</m>
	</hanjaVO>
	<hanjaVO>
		<h>德</h>
		<idx>209</idx>
		<k>덕</k>
		<m>덕 덕</m>
	</hanjaVO>
	<hanjaVO>
		<h>建</h>
		<idx>210</idx>
		<k>건</k>
		<m>세울 건</m>
	</hanjaVO>
	<hanjaVO>
		<h>名</h>
		<idx>211</idx>
		<k>명</k>
		<m>이름 명</m>
	</hanjaVO>
	<hanjaVO>
		<h>立</h>
		<idx>212</idx>
		<k>립</k>
		<m>설 립</m>
	</hanjaVO>
	<hanjaVO>
		<h>形</h>
		<idx>213</idx>
		<k>형</k>
		<m>모양 형</m>
	</hanjaVO>
	<hanjaVO>
		<h>端</h>
		<idx>214</idx>
		<k>단</k>
		<m>바를 단</m>
	</hanjaVO>
	<hanjaVO>
		<h>表</h>
		<idx>215</idx>
		<k>표</k>
		<m>겉 표</m>
	</hanjaVO>
	<hanjaVO>
		<h>正</h>
		<idx>216</idx>
		<k>정</k>
		<m>바를 정</m>
	</hanjaVO>
	<hanjaVO>
		<h>空</h>
		<idx>217</idx>
		<k>공</k>
		<m>빌 공</m>
	</hanjaVO>
	<hanjaVO>
		<h>谷</h>
		<idx>218</idx>
		<k>곡</k>
		<m>골 곡</m>
	</hanjaVO>
	<hanjaVO>
		<h>傳</h>
		<idx>219</idx>
		<k>전</k>
		<m>전할 전</m>
	</hanjaVO>
	<hanjaVO>
		<h>聲</h>
		<idx>220</idx>
		<k>성</k>
		<m>소리 성</m>
	</hanjaVO>
	<hanjaVO>
		<h>虛</h>
		<idx>221</idx>
		<k>허</k>
		<m>빌 허</m>
	</hanjaVO>
	<hanjaVO>
		<h>堂</h>
		<idx>222</idx>
		<k>당</k>
		<m>집 당</m>
	</hanjaVO>
	<hanjaVO>
		<h>習</h>
		<idx>223</idx>
		<k>습</k>
		<m>익힐 습</m>
	</hanjaVO>
	<hanjaVO>
		<h>聽</h>
		<idx>224</idx>
		<k>청</k>
		<m>들을 청</m>
	</hanjaVO>
	<hanjaVO>
		<h>禍</h>
		<idx>225</idx>
		<k>화</k>
		<m>재앙 화</m>
	</hanjaVO>
	<hanjaVO>
		<h>因</h>
		<idx>226</idx>
		<k>인</k>
		<m>인할 인</m>
	</hanjaVO>
	<hanjaVO>
		<h>惡</h>
		<idx>227</idx>
		<k>악</k>
		<m>악할 악/미워할 오</m>
	</hanjaVO>
	<hanjaVO>
		<h>積</h>
		<idx>228</idx>
		<k>적</k>
		<m>쌓을 적</m>
	</hanjaVO>
	<hanjaVO>
		<h>福</h>
		<idx>229</idx>
		<k>복</k>
		<m>복 복</m>
	</hanjaVO>
	<hanjaVO>
		<h>緣</h>
		<idx>230</idx>
		<k>연</k>
		<m>인연 연</m>
	</hanjaVO>
	<hanjaVO>
		<h>善</h>
		<idx>231</idx>
		<k>선</k>
		<m>착할 선</m>
	</hanjaVO>
	<hanjaVO>
		<h>慶</h>
		<idx>232</idx>
		<k>경</k>
		<m>경사 경</m>
	</hanjaVO>
	<hanjaVO>
		<h>尺</h>
		<idx>233</idx>
		<k>척</k>
		<m>자 척</m>
	</hanjaVO>
	<hanjaVO>
		<h>璧</h>
		<idx>234</idx>
		<k>벽</k>
		<m>구슬 벽</m>
	</hanjaVO>
	<hanjaVO>
		<h>非</h>
		<idx>235</idx>
		<k>비</k>
		<m>아닐 비</m>
	</hanjaVO>
	<hanjaVO>
		<h>寶</h>
		<idx>236</idx>
		<k>보</k>
		<m>보배 보</m>
	</hanjaVO>
	<hanjaVO>
		<h>寸</h>
		<idx>237</idx>
		<k>촌</k>
		<m>마디 촌</m>
	</hanjaVO>
	<hanjaVO>
		<h>陰</h>
		<idx>238</idx>
		<k>음</k>
		<m>그늘 음</m>
	</hanjaVO>
	<hanjaVO>
		<h>是</h>
		<idx>239</idx>
		<k>시</k>
		<m>옳을/이 시</m>
	</hanjaVO>
	<hanjaVO>
		<h>競</h>
		<idx>240</idx>
		<k>경</k>
		<m>다툴 경</m>
	</hanjaVO>
	<hanjaVO>
		<h>資</h>
		<idx>241</idx>
		<k>자</k>
		<m>자료 자</m>
	</hanjaVO>
	<hanjaVO>
		<h>父</h>
		<idx>242</idx>
		<k>부</k>
		<m>아비 부</m>
	</hanjaVO>
	<hanjaVO>
		<h>事</h>
		<idx>243</idx>
		<k>사</k>
		<m>일/섬길 사</m>
	</hanjaVO>
	<hanjaVO>
		<h>君</h>
		<idx>244</idx>
		<k>군</k>
		<m>임금 군</m>
	</hanjaVO>
	<hanjaVO>
		<h>曰</h>
		<idx>245</idx>
		<k>왈</k>
		<m>가로 왈</m>
	</hanjaVO>
	<hanjaVO>
		<h>嚴</h>
		<idx>246</idx>
		<k>엄</k>
		<m>엄할 엄</m>
	</hanjaVO>
	<hanjaVO>
		<h>與</h>
		<idx>247</idx>
		<k>여</k>
		<m>더불 여</m>
	</hanjaVO>
	<hanjaVO>
		<h>敬</h>
		<idx>248</idx>
		<k>경</k>
		<m>공경할 경</m>
	</hanjaVO>
	<hanjaVO>
		<h>孝</h>
		<idx>249</idx>
		<k>효</k>
		<m>효도 효</m>
	</hanjaVO>
	<hanjaVO>
		<h>當</h>
		<idx>250</idx>
		<k>당</k>
		<m>마땅할 당</m>
	</hanjaVO>
	<hanjaVO>
		<h>竭</h>
		<idx>251</idx>
		<k>갈</k>
		<m>다할 갈</m>
	</hanjaVO>
	<hanjaVO>
		<h>力</h>
		<idx>252</idx>
		<k>력</k>
		<m>힘 력</m>
	</hanjaVO>
	<hanjaVO>
		<h>忠</h>
		<idx>253</idx>
		<k>충</k>
		<m>충성 충</m>
	</hanjaVO>
	<hanjaVO>
		<h>則</h>
		<idx>254</idx>
		<k>즉</k>
		<m>곧 즉/법 칙</m>
	</hanjaVO>
	<hanjaVO>
		<h>盡</h>
		<idx>255</idx>
		<k>진</k>
		<m>다할 진</m>
	</hanjaVO>
	<hanjaVO>
		<h>命</h>
		<idx>256</idx>
		<k>명</k>
		<m>목숨 명</m>
	</hanjaVO>
	<hanjaVO>
		<h>臨</h>
		<idx>257</idx>
		<k>임</k>
		<m>임할 림</m>
	</hanjaVO>
	<hanjaVO>
		<h>深</h>
		<idx>258</idx>
		<k>심</k>
		<m>깊을 심</m>
	</hanjaVO>
	<hanjaVO>
		<h>履</h>
		<idx>259</idx>
		<k>리</k>
		<m>밟을 리</m>
	</hanjaVO>
	<hanjaVO>
		<h>薄</h>
		<idx>260</idx>
		<k>박</k>
		<m>얇을 박</m>
	</hanjaVO>
	<hanjaVO>
		<h>夙</h>
		<idx>261</idx>
		<k>숙</k>
		<m>일찍 숙</m>
	</hanjaVO>
	<hanjaVO>
		<h>興</h>
		<idx>262</idx>
		<k>흥</k>
		<m>흥할 흥</m>
	</hanjaVO>
	<hanjaVO>
		<h>溫</h>
		<idx>263</idx>
		<k>온</k>
		<m>따뜻할 온</m>
	</hanjaVO>
	<hanjaVO>
		<h>凊</h>
		<idx>264</idx>
		<k>청</k>
		<m>서늘할 정</m>
	</hanjaVO>
	<hanjaVO>
		<h>似</h>
		<idx>265</idx>
		<k>사</k>
		<m>같을 사</m>
	</hanjaVO>
	<hanjaVO>
		<h>蘭</h>
		<idx>266</idx>
		<k>난</k>
		<m>난초 란</m>
	</hanjaVO>
	<hanjaVO>
		<h>斯</h>
		<idx>267</idx>
		<k>사</k>
		<m>이 사</m>
	</hanjaVO>
	<hanjaVO>
		<h>馨</h>
		<idx>268</idx>
		<k>형</k>
		<m>향기 형</m>
	</hanjaVO>
	<hanjaVO>
		<h>如</h>
		<idx>269</idx>
		<k>여</k>
		<m>같을 여</m>
	</hanjaVO>
	<hanjaVO>
		<h>松</h>
		<idx>270</idx>
		<k>송</k>
		<m>소나무 송</m>
	</hanjaVO>
	<hanjaVO>
		<h>之</h>
		<idx>271</idx>
		<k>지</k>
		<m>갈 지</m>
	</hanjaVO>
	<hanjaVO>
		<h>盛</h>
		<idx>272</idx>
		<k>성</k>
		<m>성할 성</m>
	</hanjaVO>
	<hanjaVO>
		<h>川</h>
		<idx>273</idx>
		<k>천</k>
		<m>내 천</m>
	</hanjaVO>
	<hanjaVO>
		<h>流</h>
		<idx>274</idx>
		<k>류</k>
		<m>흐를 류</m>
	</hanjaVO>
	<hanjaVO>
		<h>不</h>
		<idx>275</idx>
		<k>불</k>
		<m>아니 불</m>
	</hanjaVO>
	<hanjaVO>
		<h>息</h>
		<idx>276</idx>
		<k>식</k>
		<m>쉴 식</m>
	</hanjaVO>
	<hanjaVO>
		<h>淵</h>
		<idx>277</idx>
		<k>연</k>
		<m>못 연</m>
	</hanjaVO>
	<hanjaVO>
		<h>澄</h>
		<idx>278</idx>
		<k>징</k>
		<m>맑을 징</m>
	</hanjaVO>
	<hanjaVO>
		<h>取</h>
		<idx>279</idx>
		<k>취</k>
		<m>취할 취</m>
	</hanjaVO>
	<hanjaVO>
		<h>暎</h>
		<idx>280</idx>
		<k>영</k>
		<m>비칠 영</m>
	</hanjaVO>
	<hanjaVO>
		<h>容</h>
		<idx>281</idx>
		<k>용</k>
		<m>얼굴 용</m>
	</hanjaVO>
	<hanjaVO>
		<h>止</h>
		<idx>282</idx>
		<k>지</k>
		<m>그칠 지</m>
	</hanjaVO>
	<hanjaVO>
		<h>若</h>
		<idx>283</idx>
		<k>약</k>
		<m>같을 약</m>
	</hanjaVO>
	<hanjaVO>
		<h>思</h>
		<idx>284</idx>
		<k>사</k>
		<m>생각 사</m>
	</hanjaVO>
	<hanjaVO>
		<h>言</h>
		<idx>285</idx>
		<k>언</k>
		<m>말씀 언</m>
	</hanjaVO>
	<hanjaVO>
		<h>辭</h>
		<idx>286</idx>
		<k>사</k>
		<m>말씀 사</m>
	</hanjaVO>
	<hanjaVO>
		<h>安</h>
		<idx>287</idx>
		<k>안</k>
		<m>편안 안</m>
	</hanjaVO>
	<hanjaVO>
		<h>定</h>
		<idx>288</idx>
		<k>정</k>
		<m>정할 정</m>
	</hanjaVO>
	<hanjaVO>
		<h>篤</h>
		<idx>289</idx>
		<k>독</k>
		<m>도타울 독</m>
	</hanjaVO>
	<hanjaVO>
		<h>初</h>
		<idx>290</idx>
		<k>초</k>
		<m>처음 초</m>
	</hanjaVO>
	<hanjaVO>
		<h>誠</h>
		<idx>291</idx>
		<k>성</k>
		<m>정성 성</m>
	</hanjaVO>
	<hanjaVO>
		<h>美</h>
		<idx>292</idx>
		<k>미</k>
		<m>아름다울 미</m>
	</hanjaVO>
	<hanjaVO>
		<h>愼</h>
		<idx>293</idx>
		<k>신</k>
		<m>삼갈 신</m>
	</hanjaVO>
	<hanjaVO>
		<h>終</h>
		<idx>294</idx>
		<k>종</k>
		<m>마지막 종</m>
	</hanjaVO>
	<hanjaVO>
		<h>宜</h>
		<idx>295</idx>
		<k>의</k>
		<m>마땅 의</m>
	</hanjaVO>
	<hanjaVO>
		<h>令</h>
		<idx>296</idx>
		<k>령</k>
		<m>하여금 령</m>
	</hanjaVO>
	<hanjaVO>
		<h>榮</h>
		<idx>297</idx>
		<k>영</k>
		<m>영화 영</m>
	</hanjaVO>
	<hanjaVO>
		<h>業</h>
		<idx>298</idx>
		<k>업</k>
		<m>업 업</m>
	</hanjaVO>
	<hanjaVO>
		<h>所</h>
		<idx>299</idx>
		<k>소</k>
		<m>바 소</m>
	</hanjaVO>
	<hanjaVO>
		<h>基</h>
		<idx>300</idx>
		<k>기</k>
		<m>터 기</m>
	</hanjaVO>
	<hanjaVO>
		<h>籍</h>
		<idx>301</idx>
		<k>적</k>
		<m>호적 적</m>
	</hanjaVO>
	<hanjaVO>
		<h>甚</h>
		<idx>302</idx>
		<k>심</k>
		<m>심할 심</m>
	</hanjaVO>
	<hanjaVO>
		<h>無</h>
		<idx>303</idx>
		<k>무</k>
		<m>없을 무</m>
	</hanjaVO>
	<hanjaVO>
		<h>竟</h>
		<idx>304</idx>
		<k>경</k>
		<m>마침내 경</m>
	</hanjaVO>
	<hanjaVO>
		<h>學</h>
		<idx>305</idx>
		<k>학</k>
		<m>배울 학</m>
	</hanjaVO>
	<hanjaVO>
		<h>優</h>
		<idx>306</idx>
		<k>우</k>
		<m>넉넉할 우</m>
	</hanjaVO>
	<hanjaVO>
		<h>登</h>
		<idx>307</idx>
		<k>등</k>
		<m>오를 등</m>
	</hanjaVO>
	<hanjaVO>
		<h>仕</h>
		<idx>308</idx>
		<k>사</k>
		<m>벼슬 사</m>
	</hanjaVO>
	<hanjaVO>
		<h>攝</h>
		<idx>309</idx>
		<k>섭</k>
		<m>잡을 섭</m>
	</hanjaVO>
	<hanjaVO>
		<h>職</h>
		<idx>310</idx>
		<k>직</k>
		<m>벼슬 직</m>
	</hanjaVO>
	<hanjaVO>
		<h>從</h>
		<idx>311</idx>
		<k>종</k>
		<m>좇을 종</m>
	</hanjaVO>
	<hanjaVO>
		<h>政</h>
		<idx>312</idx>
		<k>정</k>
		<m>정사 정</m>
	</hanjaVO>
	<hanjaVO>
		<h>存</h>
		<idx>313</idx>
		<k>존</k>
		<m>있을 존</m>
	</hanjaVO>
	<hanjaVO>
		<h>以</h>
		<idx>314</idx>
		<k>이</k>
		<m>써 이</m>
	</hanjaVO>
	<hanjaVO>
		<h>甘</h>
		<idx>315</idx>
		<k>감</k>
		<m>달 감</m>
	</hanjaVO>
	<hanjaVO>
		<h>棠</h>
		<idx>316</idx>
		<k>당</k>
		<m>해당화 당</m>
	</hanjaVO>
	<hanjaVO>
		<h>去</h>
		<idx>317</idx>
		<k>거</k>
		<m>갈 거</m>
	</hanjaVO>
	<hanjaVO>
		<h>而</h>
		<idx>318</idx>
		<k>이</k>
		<m>어조사 이</m>
	</hanjaVO>
	<hanjaVO>
		<h>益</h>
		<idx>319</idx>
		<k>익</k>
		<m>더할 익</m>
	</hanjaVO>
	<hanjaVO>
		<h>詠</h>
		<idx>320</idx>
		<k>영</k>
		<m>읊을 영</m>
	</hanjaVO>
	<hanjaVO>
		<h>樂</h>
		<idx>321</idx>
		<k>악</k>
		<m>풍류 악/즐길 락/좋아할 요</m>
	</hanjaVO>
	<hanjaVO>
		<h>殊</h>
		<idx>322</idx>
		<k>수</k>
		<m>다를 수</m>
	</hanjaVO>
	<hanjaVO>
		<h>貴</h>
		<idx>323</idx>
		<k>귀</k>
		<m>귀할 귀</m>
	</hanjaVO>
	<hanjaVO>
		<h>賤</h>
		<idx>324</idx>
		<k>천</k>
		<m>천할 천</m>
	</hanjaVO>
	<hanjaVO>
		<h>禮</h>
		<idx>325</idx>
		<k>예</k>
		<m>예도 례</m>
	</hanjaVO>
	<hanjaVO>
		<h>別</h>
		<idx>326</idx>
		<k>별</k>
		<m>다를 별</m>
	</hanjaVO>
	<hanjaVO>
		<h>尊</h>
		<idx>327</idx>
		<k>존</k>
		<m>높을 존</m>
	</hanjaVO>
	<hanjaVO>
		<h>卑</h>
		<idx>328</idx>
		<k>비</k>
		<m>낮을 비</m>
	</hanjaVO>
	<hanjaVO>
		<h>上</h>
		<idx>329</idx>
		<k>상</k>
		<m>위 상</m>
	</hanjaVO>
	<hanjaVO>
		<h>和</h>
		<idx>330</idx>
		<k>화</k>
		<m>화할 화</m>
	</hanjaVO>
	<hanjaVO>
		<h>下</h>
		<idx>331</idx>
		<k>하</k>
		<m>아래 하</m>
	</hanjaVO>
	<hanjaVO>
		<h>睦</h>
		<idx>332</idx>
		<k>목</k>
		<m>화목할 목</m>
	</hanjaVO>
	<hanjaVO>
		<h>夫</h>
		<idx>333</idx>
		<k>부</k>
		<m>지아비 부</m>
	</hanjaVO>
	<hanjaVO>
		<h>唱</h>
		<idx>334</idx>
		<k>창</k>
		<m>부를 창</m>
	</hanjaVO>
	<hanjaVO>
		<h>婦</h>
		<idx>335</idx>
		<k>부</k>
		<m>며느리 부</m>
	</hanjaVO>
	<hanjaVO>
		<h>隨</h>
		<idx>336</idx>
		<k>수</k>
		<m>따를 수</m>
	</hanjaVO>
	<hanjaVO>
		<h>外</h>
		<idx>337</idx>
		<k>외</k>
		<m>밖 외</m>
	</hanjaVO>
	<hanjaVO>
		<h>受</h>
		<idx>338</idx>
		<k>수</k>
		<m>받을 수</m>
	</hanjaVO>
	<hanjaVO>
		<h>傅</h>
		<idx>339</idx>
		<k>부</k>
		<m>스승 부</m>
	</hanjaVO>
	<hanjaVO>
		<h>訓</h>
		<idx>340</idx>
		<k>훈</k>
		<m>가르칠 훈</m>
	</hanjaVO>
	<hanjaVO>
		<h>入</h>
		<idx>341</idx>
		<k>입</k>
		<m>들 입</m>
	</hanjaVO>
	<hanjaVO>
		<h>奉</h>
		<idx>342</idx>
		<k>봉</k>
		<m>받들 봉</m>
	</hanjaVO>
	<hanjaVO>
		<h>母</h>
		<idx>343</idx>
		<k>모</k>
		<m>어미 모</m>
	</hanjaVO>
	<hanjaVO>
		<h>儀</h>
		<idx>344</idx>
		<k>의</k>
		<m>거동 의</m>
	</hanjaVO>
	<hanjaVO>
		<h>諸</h>
		<idx>345</idx>
		<k>제</k>
		<m>모두 제</m>
	</hanjaVO>
	<hanjaVO>
		<h>姑</h>
		<idx>346</idx>
		<k>고</k>
		<m>시어미 고</m>
	</hanjaVO>
	<hanjaVO>
		<h>伯</h>
		<idx>347</idx>
		<k>백</k>
		<m>맏 백</m>
	</hanjaVO>
	<hanjaVO>
		<h>叔</h>
		<idx>348</idx>
		<k>숙</k>
		<m>아재비 숙</m>
	</hanjaVO>
	<hanjaVO>
		<h>猶</h>
		<idx>349</idx>
		<k>유</k>
		<m>같을 유</m>
	</hanjaVO>
	<hanjaVO>
		<h>子</h>
		<idx>350</idx>
		<k>자</k>
		<m>아들 자</m>
	</hanjaVO>
	<hanjaVO>
		<h>比</h>
		<idx>351</idx>
		<k>비</k>
		<m>견줄 비</m>
	</hanjaVO>
	<hanjaVO>
		<h>兒</h>
		<idx>352</idx>
		<k>아</k>
		<m>아이 아</m>
	</hanjaVO>
	<hanjaVO>
		<h>孔</h>
		<idx>353</idx>
		<k>공</k>
		<m>구멍 공</m>
	</hanjaVO>
	<hanjaVO>
		<h>懷</h>
		<idx>354</idx>
		<k>회</k>
		<m>품을 회</m>
	</hanjaVO>
	<hanjaVO>
		<h>兄</h>
		<idx>355</idx>
		<k>형</k>
		<m>맏 형</m>
	</hanjaVO>
	<hanjaVO>
		<h>弟</h>
		<idx>356</idx>
		<k>제</k>
		<m>아우 제</m>
	</hanjaVO>
	<hanjaVO>
		<h>同</h>
		<idx>357</idx>
		<k>동</k>
		<m>한가지 동</m>
	</hanjaVO>
	<hanjaVO>
		<h>氣</h>
		<idx>358</idx>
		<k>기</k>
		<m>기운 기</m>
	</hanjaVO>
	<hanjaVO>
		<h>連</h>
		<idx>359</idx>
		<k>연</k>
		<m>이어질 연</m>
	</hanjaVO>
	<hanjaVO>
		<h>枝</h>
		<idx>360</idx>
		<k>지</k>
		<m>가지 지</m>
	</hanjaVO>
	<hanjaVO>
		<h>交</h>
		<idx>361</idx>
		<k>교</k>
		<m>사귈 교</m>
	</hanjaVO>
	<hanjaVO>
		<h>友</h>
		<idx>362</idx>
		<k>우</k>
		<m>벗 우</m>
	</hanjaVO>
	<hanjaVO>
		<h>投</h>
		<idx>363</idx>
		<k>투</k>
		<m>던질 투</m>
	</hanjaVO>
	<hanjaVO>
		<h>分</h>
		<idx>364</idx>
		<k>분</k>
		<m>나눌 분</m>
	</hanjaVO>
	<hanjaVO>
		<h>切</h>
		<idx>365</idx>
		<k>절</k>
		<m>끊을 절/모두 체</m>
	</hanjaVO>
	<hanjaVO>
		<h>磨</h>
		<idx>366</idx>
		<k>마</k>
		<m>갈 마</m>
	</hanjaVO>
	<hanjaVO>
		<h>箴</h>
		<idx>367</idx>
		<k>잠</k>
		<m>경계 잠</m>
	</hanjaVO>
	<hanjaVO>
		<h>規</h>
		<idx>368</idx>
		<k>규</k>
		<m>법 규</m>
	</hanjaVO>
	<hanjaVO>
		<h>仁</h>
		<idx>369</idx>
		<k>인</k>
		<m>어질 인</m>
	</hanjaVO>
	<hanjaVO>
		<h>慈</h>
		<idx>370</idx>
		<k>자</k>
		<m>사랑할 자</m>
	</hanjaVO>
	<hanjaVO>
		<h>隱</h>
		<idx>371</idx>
		<k>은</k>
		<m>숨을 은</m>
	</hanjaVO>
	<hanjaVO>
		<h>惻</h>
		<idx>372</idx>
		<k>측</k>
		<m>슬플 측</m>
	</hanjaVO>
	<hanjaVO>
		<h>造</h>
		<idx>373</idx>
		<k>조</k>
		<m>지을 조</m>
	</hanjaVO>
	<hanjaVO>
		<h>次</h>
		<idx>374</idx>
		<k>차</k>
		<m>버금 차</m>
	</hanjaVO>
	<hanjaVO>
		<h>弗</h>
		<idx>375</idx>
		<k>불</k>
		<m>아닐 불</m>
	</hanjaVO>
	<hanjaVO>
		<h>離</h>
		<idx>376</idx>
		<k>리</k>
		<m>떠날 리</m>
	</hanjaVO>
	<hanjaVO>
		<h>節</h>
		<idx>377</idx>
		<k>절</k>
		<m>마디 절</m>
	</hanjaVO>
	<hanjaVO>
		<h>義</h>
		<idx>378</idx>
		<k>의</k>
		<m>옳을 의</m>
	</hanjaVO>
	<hanjaVO>
		<h>廉</h>
		<idx>379</idx>
		<k>염</k>
		<m>청렴 렴</m>
	</hanjaVO>
	<hanjaVO>
		<h>退</h>
		<idx>380</idx>
		<k>퇴</k>
		<m>물러갈 퇴</m>
	</hanjaVO>
	<hanjaVO>
		<h>顚</h>
		<idx>381</idx>
		<k>전</k>
		<m>엎드러질 전</m>
	</hanjaVO>
	<hanjaVO>
		<h>沛</h>
		<idx>382</idx>
		<k>패</k>
		<m>자빠질 패</m>
	</hanjaVO>
	<hanjaVO>
		<h>匪</h>
		<idx>383</idx>
		<k>비</k>
		<m>아닐 비</m>
	</hanjaVO>
	<hanjaVO>
		<h>虧</h>
		<idx>384</idx>
		<k>휴</k>
		<m>이지러질 휴</m>
	</hanjaVO>
	<hanjaVO>
		<h>性</h>
		<idx>385</idx>
		<k>성</k>
		<m>성품 성</m>
	</hanjaVO>
	<hanjaVO>
		<h>靜</h>
		<idx>386</idx>
		<k>정</k>
		<m>고요할 정</m>
	</hanjaVO>
	<hanjaVO>
		<h>情</h>
		<idx>387</idx>
		<k>정</k>
		<m>뜻 정</m>
	</hanjaVO>
	<hanjaVO>
		<h>逸</h>
		<idx>388</idx>
		<k>일</k>
		<m>편안할 일</m>
	</hanjaVO>
	<hanjaVO>
		<h>心</h>
		<idx>389</idx>
		<k>심</k>
		<m>마음 심</m>
	</hanjaVO>
	<hanjaVO>
		<h>動</h>
		<idx>390</idx>
		<k>동</k>
		<m>움직일 동</m>
	</hanjaVO>
	<hanjaVO>
		<h>神</h>
		<idx>391</idx>
		<k>신</k>
		<m>귀신 신</m>
	</hanjaVO>
	<hanjaVO>
		<h>疲</h>
		<idx>392</idx>
		<k>피</k>
		<m>피곤할 피</m>
	</hanjaVO>
	<hanjaVO>
		<h>守</h>
		<idx>393</idx>
		<k>수</k>
		<m>지킬 수</m>
	</hanjaVO>
	<hanjaVO>
		<h>眞</h>
		<idx>394</idx>
		<k>진</k>
		<m>참 진</m>
	</hanjaVO>
	<hanjaVO>
		<h>志</h>
		<idx>395</idx>
		<k>지</k>
		<m>뜻 지</m>
	</hanjaVO>
	<hanjaVO>
		<h>滿</h>
		<idx>396</idx>
		<k>만</k>
		<m>찰 만</m>
	</hanjaVO>
	<hanjaVO>
		<h>逐</h>
		<idx>397</idx>
		<k>축</k>
		<m>쫓을 축</m>
	</hanjaVO>
	<hanjaVO>
		<h>物</h>
		<idx>398</idx>
		<k>물</k>
		<m>만물 물</m>
	</hanjaVO>
	<hanjaVO>
		<h>意</h>
		<idx>399</idx>
		<k>의</k>
		<m>뜻 의</m>
	</hanjaVO>
	<hanjaVO>
		<h>移</h>
		<idx>400</idx>
		<k>이</k>
		<m>옮길 이</m>
	</hanjaVO>
	<hanjaVO>
		<h>堅</h>
		<idx>401</idx>
		<k>견</k>
		<m>굳을 견</m>
	</hanjaVO>
	<hanjaVO>
		<h>持</h>
		<idx>402</idx>
		<k>지</k>
		<m>가질 지</m>
	</hanjaVO>
	<hanjaVO>
		<h>雅</h>
		<idx>403</idx>
		<k>아</k>
		<m>우아할 아</m>
	</hanjaVO>
	<hanjaVO>
		<h>操</h>
		<idx>404</idx>
		<k>조</k>
		<m>잡을 조</m>
	</hanjaVO>
	<hanjaVO>
		<h>好</h>
		<idx>405</idx>
		<k>호</k>
		<m>좋을 호</m>
	</hanjaVO>
	<hanjaVO>
		<h>爵</h>
		<idx>406</idx>
		<k>작</k>
		<m>벼슬 작</m>
	</hanjaVO>
	<hanjaVO>
		<h>自</h>
		<idx>407</idx>
		<k>자</k>
		<m>스스로 자</m>
	</hanjaVO>
	<hanjaVO>
		<h>縻</h>
		<idx>408</idx>
		<k>미</k>
		<m>얽을 미</m>
	</hanjaVO>
	<hanjaVO>
		<h>都</h>
		<idx>409</idx>
		<k>도</k>
		<m>도읍 도</m>
	</hanjaVO>
	<hanjaVO>
		<h>邑</h>
		<idx>410</idx>
		<k>읍</k>
		<m>고을 읍</m>
	</hanjaVO>
	<hanjaVO>
		<h>華</h>
		<idx>411</idx>
		<k>화</k>
		<m>빛날 화</m>
	</hanjaVO>
	<hanjaVO>
		<h>夏</h>
		<idx>412</idx>
		<k>하</k>
		<m>여름 하</m>
	</hanjaVO>
	<hanjaVO>
		<h>東</h>
		<idx>413</idx>
		<k>동</k>
		<m>동녘 동</m>
	</hanjaVO>
	<hanjaVO>
		<h>西</h>
		<idx>414</idx>
		<k>서</k>
		<m>서녘 서</m>
	</hanjaVO>
	<hanjaVO>
		<h>二</h>
		<idx>415</idx>
		<k>이</k>
		<m>두 이</m>
	</hanjaVO>
	<hanjaVO>
		<h>京</h>
		<idx>416</idx>
		<k>경</k>
		<m>서울 경</m>
	</hanjaVO>
	<hanjaVO>
		<h>背</h>
		<idx>417</idx>
		<k>배</k>
		<m>등 배</m>
	</hanjaVO>
	<hanjaVO>
		<h>邙</h>
		<idx>418</idx>
		<k>망</k>
		<m>산이름 망</m>
	</hanjaVO>
	<hanjaVO>
		<h>面</h>
		<idx>419</idx>
		<k>면</k>
		<m>낯 면</m>
	</hanjaVO>
	<hanjaVO>
		<h>洛</h>
		<idx>420</idx>
		<k>낙</k>
		<m>강이름 락</m>
	</hanjaVO>
	<hanjaVO>
		<h>浮</h>
		<idx>421</idx>
		<k>부</k>
		<m>뜰 부</m>
	</hanjaVO>
	<hanjaVO>
		<h>渭</h>
		<idx>422</idx>
		<k>위</k>
		<m>강이름 위</m>
	</hanjaVO>
	<hanjaVO>
		<h>據</h>
		<idx>423</idx>
		<k>거</k>
		<m>의거할 거</m>
	</hanjaVO>
	<hanjaVO>
		<h>涇</h>
		<idx>424</idx>
		<k>경</k>
		<m>통할 경</m>
	</hanjaVO>
	<hanjaVO>
		<h>宮</h>
		<idx>425</idx>
		<k>궁</k>
		<m>집 궁</m>
	</hanjaVO>
	<hanjaVO>
		<h>殿</h>
		<idx>426</idx>
		<k>전</k>
		<m>큰집 전</m>
	</hanjaVO>
	<hanjaVO>
		<h>盤</h>
		<idx>427</idx>
		<k>반</k>
		<m>서릴 반</m>
	</hanjaVO>
	<hanjaVO>
		<h>鬱</h>
		<idx>428</idx>
		<k>울</k>
		<m>답답 울</m>
	</hanjaVO>
	<hanjaVO>
		<h>樓</h>
		<idx>429</idx>
		<k>누</k>
		<m>다락 루</m>
	</hanjaVO>
	<hanjaVO>
		<h>觀</h>
		<idx>430</idx>
		<k>관</k>
		<m>볼 관</m>
	</hanjaVO>
	<hanjaVO>
		<h>飛</h>
		<idx>431</idx>
		<k>비</k>
		<m>날 비</m>
	</hanjaVO>
	<hanjaVO>
		<h>驚</h>
		<idx>432</idx>
		<k>경</k>
		<m>놀랄 경</m>
	</hanjaVO>
	<hanjaVO>
		<h>圖</h>
		<idx>433</idx>
		<k>도</k>
		<m>그림 도</m>
	</hanjaVO>
	<hanjaVO>
		<h>寫</h>
		<idx>434</idx>
		<k>사</k>
		<m>베낄 사</m>
	</hanjaVO>
	<hanjaVO>
		<h>禽</h>
		<idx>435</idx>
		<k>금</k>
		<m>날짐승 금</m>
	</hanjaVO>
	<hanjaVO>
		<h>獸</h>
		<idx>436</idx>
		<k>수</k>
		<m>짐승 수</m>
	</hanjaVO>
	<hanjaVO>
		<h>畵</h>
		<idx>437</idx>
		<k>화</k>
		<m>그림 화</m>
	</hanjaVO>
	<hanjaVO>
		<h>采</h>
		<idx>438</idx>
		<k>채</k>
		<m>채색 채</m>
	</hanjaVO>
	<hanjaVO>
		<h>仙</h>
		<idx>439</idx>
		<k>선</k>
		<m>신선 선</m>
	</hanjaVO>
	<hanjaVO>
		<h>靈</h>
		<idx>440</idx>
		<k>령</k>
		<m>신령 령</m>
	</hanjaVO>
	<hanjaVO>
		<h>丙</h>
		<idx>441</idx>
		<k>병</k>
		<m>남녘 병</m>
	</hanjaVO>
	<hanjaVO>
		<h>舍</h>
		<idx>442</idx>
		<k>사</k>
		<m>집 사</m>
	</hanjaVO>
	<hanjaVO>
		<h>傍</h>
		<idx>443</idx>
		<k>방</k>
		<m>곁 방</m>
	</hanjaVO>
	<hanjaVO>
		<h>啓</h>
		<idx>444</idx>
		<k>계</k>
		<m>열 계</m>
	</hanjaVO>
	<hanjaVO>
		<h>甲</h>
		<idx>445</idx>
		<k>갑</k>
		<m>갑옷 갑</m>
	</hanjaVO>
	<hanjaVO>
		<h>帳</h>
		<idx>446</idx>
		<k>장</k>
		<m>휘장 장</m>
	</hanjaVO>
	<hanjaVO>
		<h>對</h>
		<idx>447</idx>
		<k>대</k>
		<m>대답할 대</m>
	</hanjaVO>
	<hanjaVO>
		<h>楹</h>
		<idx>448</idx>
		<k>영</k>
		<m>기둥 영</m>
	</hanjaVO>
	<hanjaVO>
		<h>肆</h>
		<idx>449</idx>
		<k>사</k>
		<m>베풀 사</m>
	</hanjaVO>
	<hanjaVO>
		<h>筵</h>
		<idx>450</idx>
		<k>연</k>
		<m>자리 연</m>
	</hanjaVO>
	<hanjaVO>
		<h>設</h>
		<idx>451</idx>
		<k>설</k>
		<m>베풀 설</m>
	</hanjaVO>
	<hanjaVO>
		<h>席</h>
		<idx>452</idx>
		<k>석</k>
		<m>자리 석</m>
	</hanjaVO>
	<hanjaVO>
		<h>鼓</h>
		<idx>453</idx>
		<k>고</k>
		<m>북 고</m>
	</hanjaVO>
	<hanjaVO>
		<h>瑟</h>
		<idx>454</idx>
		<k>슬</k>
		<m>비파 슬</m>
	</hanjaVO>
	<hanjaVO>
		<h>吹</h>
		<idx>455</idx>
		<k>취</k>
		<m>불 취</m>
	</hanjaVO>
	<hanjaVO>
		<h>笙</h>
		<idx>456</idx>
		<k>생</k>
		<m>생황 생</m>
	</hanjaVO>
	<hanjaVO>
		<h>陞</h>
		<idx>457</idx>
		<k>승</k>
		<m>오른쪽 승</m>
	</hanjaVO>
	<hanjaVO>
		<h>階</h>
		<idx>458</idx>
		<k>계</k>
		<m>뜰 계</m>
	</hanjaVO>
	<hanjaVO>
		<h>納</h>
		<idx>459</idx>
		<k>납</k>
		<m>바칠 납</m>
	</hanjaVO>
	<hanjaVO>
		<h>陛</h>
		<idx>460</idx>
		<k>폐</k>
		<m>섬돌 폐</m>
	</hanjaVO>
	<hanjaVO>
		<h>弁</h>
		<idx>461</idx>
		<k>변</k>
		<m>고깔 변</m>
	</hanjaVO>
	<hanjaVO>
		<h>轉</h>
		<idx>462</idx>
		<k>전</k>
		<m>구를 전</m>
	</hanjaVO>
	<hanjaVO>
		<h>疑</h>
		<idx>463</idx>
		<k>의</k>
		<m>의심할 의</m>
	</hanjaVO>
	<hanjaVO>
		<h>星</h>
		<idx>464</idx>
		<k>성</k>
		<m>별 성</m>
	</hanjaVO>
	<hanjaVO>
		<h>右</h>
		<idx>465</idx>
		<k>우</k>
		<m>오를 우</m>
	</hanjaVO>
	<hanjaVO>
		<h>通</h>
		<idx>466</idx>
		<k>통</k>
		<m>통할 통</m>
	</hanjaVO>
	<hanjaVO>
		<h>廣</h>
		<idx>467</idx>
		<k>광</k>
		<m>넓을 광</m>
	</hanjaVO>
	<hanjaVO>
		<h>內</h>
		<idx>468</idx>
		<k>내</k>
		<m>안 내</m>
	</hanjaVO>
	<hanjaVO>
		<h>左</h>
		<idx>469</idx>
		<k>좌</k>
		<m>왼 좌</m>
	</hanjaVO>
	<hanjaVO>
		<h>達</h>
		<idx>470</idx>
		<k>달</k>
		<m>통달할 달</m>
	</hanjaVO>
	<hanjaVO>
		<h>承</h>
		<idx>471</idx>
		<k>승</k>
		<m>이을 승</m>
	</hanjaVO>
	<hanjaVO>
		<h>明</h>
		<idx>472</idx>
		<k>명</k>
		<m>밝을 명</m>
	</hanjaVO>
	<hanjaVO>
		<h>旣</h>
		<idx>473</idx>
		<k>기</k>
		<m>이미 기</m>
	</hanjaVO>
	<hanjaVO>
		<h>集</h>
		<idx>474</idx>
		<k>집</k>
		<m>모을 집</m>
	</hanjaVO>
	<hanjaVO>
		<h>墳</h>
		<idx>475</idx>
		<k>분</k>
		<m>무덤 분</m>
	</hanjaVO>
	<hanjaVO>
		<h>典</h>
		<idx>476</idx>
		<k>전</k>
		<m>법 전</m>
	</hanjaVO>
	<hanjaVO>
		<h>亦</h>
		<idx>477</idx>
		<k>역</k>
		<m>또 역</m>
	</hanjaVO>
	<hanjaVO>
		<h>聚</h>
		<idx>478</idx>
		<k>취</k>
		<m>모을 취</m>
	</hanjaVO>
	<hanjaVO>
		<h>群</h>
		<idx>479</idx>
		<k>군</k>
		<m>무리 군</m>
	</hanjaVO>
	<hanjaVO>
		<h>英</h>
		<idx>480</idx>
		<k>영</k>
		<m>꽃부리 영</m>
	</hanjaVO>
	<hanjaVO>
		<h>杜</h>
		<idx>481</idx>
		<k>두</k>
		<m>막을 두</m>
	</hanjaVO>
	<hanjaVO>
		<h>稿</h>
		<idx>482</idx>
		<k>고</k>
		<m>볏짚 고</m>
	</hanjaVO>
	<hanjaVO>
		<h>鍾</h>
		<idx>483</idx>
		<k>종</k>
		<m>쇠북 종</m>
	</hanjaVO>
	<hanjaVO>
		<h>隸</h>
		<idx>484</idx>
		<k>례</k>
		<m>글씨 례</m>
	</hanjaVO>
	<hanjaVO>
		<h>漆</h>
		<idx>485</idx>
		<k>칠</k>
		<m>옻칠할 칠</m>
	</hanjaVO>
	<hanjaVO>
		<h>書</h>
		<idx>486</idx>
		<k>서</k>
		<m>글씨 서</m>
	</hanjaVO>
	<hanjaVO>
		<h>壁</h>
		<idx>487</idx>
		<k>벽</k>
		<m>벽 벽</m>
	</hanjaVO>
	<hanjaVO>
		<h>經</h>
		<idx>488</idx>
		<k>경</k>
		<m>날 경</m>
	</hanjaVO>
	<hanjaVO>
		<h>府</h>
		<idx>489</idx>
		<k>부</k>
		<m>마을 부</m>
	</hanjaVO>
	<hanjaVO>
		<h>羅</h>
		<idx>490</idx>
		<k>라</k>
		<m>벌릴 라</m>
	</hanjaVO>
	<hanjaVO>
		<h>將</h>
		<idx>491</idx>
		<k>장</k>
		<m>장수 장</m>
	</hanjaVO>
	<hanjaVO>
		<h>相</h>
		<idx>492</idx>
		<k>상</k>
		<m>서로 상</m>
	</hanjaVO>
	<hanjaVO>
		<h>路</h>
		<idx>493</idx>
		<k>노</k>
		<m>길 로</m>
	</hanjaVO>
	<hanjaVO>
		<h>夾</h>
		<idx>494</idx>
		<k>협</k>
		<m>낄 협</m>
	</hanjaVO>
	<hanjaVO>
		<h>槐</h>
		<idx>495</idx>
		<k>괴</k>
		<m>괴화나무 괴</m>
	</hanjaVO>
	<hanjaVO>
		<h>卿</h>
		<idx>496</idx>
		<k>경</k>
		<m>벼슬 경</m>
	</hanjaVO>
	<hanjaVO>
		<h>戶</h>
		<idx>497</idx>
		<k>호</k>
		<m>지게 호</m>
	</hanjaVO>
	<hanjaVO>
		<h>封</h>
		<idx>498</idx>
		<k>봉</k>
		<m>봉할 봉</m>
	</hanjaVO>
	<hanjaVO>
		<h>八</h>
		<idx>499</idx>
		<k>팔</k>
		<m>여덟 팔</m>
	</hanjaVO>
	<hanjaVO>
		<h>縣</h>
		<idx>500</idx>
		<k>현</k>
		<m>고을 현</m>
	</hanjaVO>
	<hanjaVO>
		<h>家</h>
		<idx>501</idx>
		<k>가</k>
		<m>집 가</m>
	</hanjaVO>
	<hanjaVO>
		<h>給</h>
		<idx>502</idx>
		<k>급</k>
		<m>줄 급</m>
	</hanjaVO>
	<hanjaVO>
		<h>千</h>
		<idx>503</idx>
		<k>천</k>
		<m>일천 천</m>
	</hanjaVO>
	<hanjaVO>
		<h>兵</h>
		<idx>504</idx>
		<k>병</k>
		<m>군사 병</m>
	</hanjaVO>
	<hanjaVO>
		<h>高</h>
		<idx>505</idx>
		<k>고</k>
		<m>높을 고</m>
	</hanjaVO>
	<hanjaVO>
		<h>冠</h>
		<idx>506</idx>
		<k>관</k>
		<m>갓 관</m>
	</hanjaVO>
	<hanjaVO>
		<h>陪</h>
		<idx>507</idx>
		<k>배</k>
		<m>더할 배</m>
	</hanjaVO>
	<hanjaVO>
		<h>輦</h>
		<idx>508</idx>
		<k>련</k>
		<m>손수레 련</m>
	</hanjaVO>
	<hanjaVO>
		<h>驅</h>
		<idx>509</idx>
		<k>구</k>
		<m>몰 구</m>
	</hanjaVO>
	<hanjaVO>
		<h>轂</h>
		<idx>510</idx>
		<k>곡</k>
		<m>바퀴 곡</m>
	</hanjaVO>
	<hanjaVO>
		<h>振</h>
		<idx>511</idx>
		<k>진</k>
		<m>떨친 진</m>
	</hanjaVO>
	<hanjaVO>
		<h>纓</h>
		<idx>512</idx>
		<k>영</k>
		<m>끈 영</m>
	</hanjaVO>
	<hanjaVO>
		<h>世</h>
		<idx>513</idx>
		<k>세</k>
		<m>세상 세</m>
	</hanjaVO>
	<hanjaVO>
		<h>祿</h>
		<idx>514</idx>
		<k>록</k>
		<m>녹 록</m>
	</hanjaVO>
	<hanjaVO>
		<h>侈</h>
		<idx>515</idx>
		<k>치</k>
		<m>사치할 치</m>
	</hanjaVO>
	<hanjaVO>
		<h>富</h>
		<idx>516</idx>
		<k>부</k>
		<m>부자 부</m>
	</hanjaVO>
	<hanjaVO>
		<h>車</h>
		<idx>517</idx>
		<k>거</k>
		<m>수레 거</m>
	</hanjaVO>
	<hanjaVO>
		<h>駕</h>
		<idx>518</idx>
		<k>가</k>
		<m>멍에 가</m>
	</hanjaVO>
	<hanjaVO>
		<h>肥</h>
		<idx>519</idx>
		<k>비</k>
		<m>살찔 비</m>
	</hanjaVO>
	<hanjaVO>
		<h>輕</h>
		<idx>520</idx>
		<k>경</k>
		<m>가벼울 경</m>
	</hanjaVO>
	<hanjaVO>
		<h>策</h>
		<idx>521</idx>
		<k>책</k>
		<m>꾀 책</m>
	</hanjaVO>
	<hanjaVO>
		<h>功</h>
		<idx>522</idx>
		<k>공</k>
		<m>공 공</m>
	</hanjaVO>
	<hanjaVO>
		<h>茂</h>
		<idx>523</idx>
		<k>무</k>
		<m>무성할 무</m>
	</hanjaVO>
	<hanjaVO>
		<h>實</h>
		<idx>524</idx>
		<k>실</k>
		<m>열매 실</m>
	</hanjaVO>
	<hanjaVO>
		<h>勒</h>
		<idx>525</idx>
		<k>늑</k>
		<m>굴레 륵</m>
	</hanjaVO>
	<hanjaVO>
		<h>碑</h>
		<idx>526</idx>
		<k>비</k>
		<m>비석 비</m>
	</hanjaVO>
	<hanjaVO>
		<h>刻</h>
		<idx>527</idx>
		<k>각</k>
		<m>새길 각</m>
	</hanjaVO>
	<hanjaVO>
		<h>銘</h>
		<idx>528</idx>
		<k>명</k>
		<m>새길 명</m>
	</hanjaVO>
	<hanjaVO>
		<h>磻</h>
		<idx>529</idx>
		<k>반</k>
		<m>강이름 반</m>
	</hanjaVO>
	<hanjaVO>
		<h>溪</h>
		<idx>530</idx>
		<k>계</k>
		<m>시내 계</m>
	</hanjaVO>
	<hanjaVO>
		<h>伊</h>
		<idx>531</idx>
		<k>이</k>
		<m>저 이</m>
	</hanjaVO>
	<hanjaVO>
		<h>尹</h>
		<idx>532</idx>
		<k>윤</k>
		<m>다스릴 윤</m>
	</hanjaVO>
	<hanjaVO>
		<h>佐</h>
		<idx>533</idx>
		<k>좌</k>
		<m>도울 좌</m>
	</hanjaVO>
	<hanjaVO>
		<h>時</h>
		<idx>534</idx>
		<k>시</k>
		<m>때 시</m>
	</hanjaVO>
	<hanjaVO>
		<h>阿</h>
		<idx>535</idx>
		<k>아</k>
		<m>언덕 아</m>
	</hanjaVO>
	<hanjaVO>
		<h>衡</h>
		<idx>536</idx>
		<k>형</k>
		<m>저울대 형</m>
	</hanjaVO>
	<hanjaVO>
		<h>奄</h>
		<idx>537</idx>
		<k>엄</k>
		<m>문득 엄</m>
	</hanjaVO>
	<hanjaVO>
		<h>宅</h>
		<idx>538</idx>
		<k>택</k>
		<m>집 댁/택</m>
	</hanjaVO>
	<hanjaVO>
		<h>曲</h>
		<idx>539</idx>
		<k>곡</k>
		<m>굽을 곡</m>
	</hanjaVO>
	<hanjaVO>
		<h>阜</h>
		<idx>540</idx>
		<k>부</k>
		<m>언덕 부</m>
	</hanjaVO>
	<hanjaVO>
		<h>微</h>
		<idx>541</idx>
		<k>미</k>
		<m>작을 미</m>
	</hanjaVO>
	<hanjaVO>
		<h>旦</h>
		<idx>542</idx>
		<k>단</k>
		<m>아침 단</m>
	</hanjaVO>
	<hanjaVO>
		<h>孰</h>
		<idx>543</idx>
		<k>숙</k>
		<m>누구 숙</m>
	</hanjaVO>
	<hanjaVO>
		<h>營</h>
		<idx>544</idx>
		<k>영</k>
		<m>경영 영</m>
	</hanjaVO>
	<hanjaVO>
		<h>桓</h>
		<idx>545</idx>
		<k>환</k>
		<m>굳셀 환</m>
	</hanjaVO>
	<hanjaVO>
		<h>公</h>
		<idx>546</idx>
		<k>공</k>
		<m>공변될 공</m>
	</hanjaVO>
	<hanjaVO>
		<h>匡</h>
		<idx>547</idx>
		<k>광</k>
		<m>바를 광</m>
	</hanjaVO>
	<hanjaVO>
		<h>合</h>
		<idx>548</idx>
		<k>합</k>
		<m>모을 합</m>
	</hanjaVO>
	<hanjaVO>
		<h>濟</h>
		<idx>549</idx>
		<k>제</k>
		<m>건널 제</m>
	</hanjaVO>
	<hanjaVO>
		<h>弱</h>
		<idx>550</idx>
		<k>약</k>
		<m>약할 약</m>
	</hanjaVO>
	<hanjaVO>
		<h>扶</h>
		<idx>551</idx>
		<k>부</k>
		<m>도울 부</m>
	</hanjaVO>
	<hanjaVO>
		<h>傾</h>
		<idx>552</idx>
		<k>경</k>
		<m>기울 경</m>
	</hanjaVO>
	<hanjaVO>
		<h>綺</h>
		<idx>553</idx>
		<k>기</k>
		<m>비단 기</m>
	</hanjaVO>
	<hanjaVO>
		<h>回</h>
		<idx>554</idx>
		<k>회</k>
		<m>돌아올 회</m>
	</hanjaVO>
	<hanjaVO>
		<h>漢</h>
		<idx>555</idx>
		<k>한</k>
		<m>한수 한</m>
	</hanjaVO>
	<hanjaVO>
		<h>惠</h>
		<idx>556</idx>
		<k>혜</k>
		<m>은혜 혜</m>
	</hanjaVO>
	<hanjaVO>
		<h>兌</h>
		<idx>557</idx>
		<k>열</k>
		<m>말씀 설/달랠 세/기뻐할 열</m>
	</hanjaVO>
	<hanjaVO>
		<h>感</h>
		<idx>558</idx>
		<k>감</k>
		<m>느낄 감</m>
	</hanjaVO>
	<hanjaVO>
		<h>武</h>
		<idx>559</idx>
		<k>무</k>
		<m>호반 무</m>
	</hanjaVO>
	<hanjaVO>
		<h>丁</h>
		<idx>560</idx>
		<k>정</k>
		<m>고무래 정</m>
	</hanjaVO>
	<hanjaVO>
		<h>俊</h>
		<idx>561</idx>
		<k>준</k>
		<m>준걸 준</m>
	</hanjaVO>
	<hanjaVO>
		<h>乂</h>
		<idx>562</idx>
		<k>예</k>
		<m>어질 예</m>
	</hanjaVO>
	<hanjaVO>
		<h>密</h>
		<idx>563</idx>
		<k>밀</k>
		<m>빽빽할 밀</m>
	</hanjaVO>
	<hanjaVO>
		<h>勿</h>
		<idx>564</idx>
		<k>물</k>
		<m>말 물</m>
	</hanjaVO>
	<hanjaVO>
		<h>多</h>
		<idx>565</idx>
		<k>다</k>
		<m>많을 다</m>
	</hanjaVO>
	<hanjaVO>
		<h>士</h>
		<idx>566</idx>
		<k>사</k>
		<m>선비 사</m>
	</hanjaVO>
	<hanjaVO>
		<h>寔</h>
		<idx>567</idx>
		<k>식</k>
		<m>이 식</m>
	</hanjaVO>
	<hanjaVO>
		<h>寧</h>
		<idx>568</idx>
		<k>녕</k>
		<m>편안 녕</m>
	</hanjaVO>
	<hanjaVO>
		<h>晋</h>
		<idx>569</idx>
		<k>진</k>
		<m>나라 진</m>
	</hanjaVO>
	<hanjaVO>
		<h>楚</h>
		<idx>570</idx>
		<k>초</k>
		<m>나라 초</m>
	</hanjaVO>
	<hanjaVO>
		<h>更</h>
		<idx>571</idx>
		<k>갱</k>
		<m>다시 갱/고칠 경</m>
	</hanjaVO>
	<hanjaVO>
		<h>覇</h>
		<idx>572</idx>
		<k>패</k>
		<m>으뜸 패</m>
	</hanjaVO>
	<hanjaVO>
		<h>趙</h>
		<idx>573</idx>
		<k>조</k>
		<m>나라 조</m>
	</hanjaVO>
	<hanjaVO>
		<h>魏</h>
		<idx>574</idx>
		<k>위</k>
		<m>나라 위</m>
	</hanjaVO>
	<hanjaVO>
		<h>困</h>
		<idx>575</idx>
		<k>곤</k>
		<m>곤할 곤</m>
	</hanjaVO>
	<hanjaVO>
		<h>橫</h>
		<idx>576</idx>
		<k>횡</k>
		<m>비낄 횡</m>
	</hanjaVO>
	<hanjaVO>
		<h>假</h>
		<idx>577</idx>
		<k>가</k>
		<m>거짓 가</m>
	</hanjaVO>
	<hanjaVO>
		<h>途</h>
		<idx>578</idx>
		<k>도</k>
		<m>길 도</m>
	</hanjaVO>
	<hanjaVO>
		<h>滅</h>
		<idx>579</idx>
		<k>멸</k>
		<m>멸할 멸</m>
	</hanjaVO>
	<hanjaVO>
		<h>虢</h>
		<idx>580</idx>
		<k>괵</k>
		<m>나라 괵</m>
	</hanjaVO>
	<hanjaVO>
		<h>踐</h>
		<idx>581</idx>
		<k>천</k>
		<m>밟을 천</m>
	</hanjaVO>
	<hanjaVO>
		<h>土</h>
		<idx>582</idx>
		<k>토</k>
		<m>흙 토</m>
	</hanjaVO>
	<hanjaVO>
		<h>會</h>
		<idx>583</idx>
		<k>회</k>
		<m>모일 회</m>
	</hanjaVO>
	<hanjaVO>
		<h>盟</h>
		<idx>584</idx>
		<k>맹</k>
		<m>맹세 맹</m>
	</hanjaVO>
	<hanjaVO>
		<h>何</h>
		<idx>585</idx>
		<k>하</k>
		<m>어찌 하</m>
	</hanjaVO>
	<hanjaVO>
		<h>遵</h>
		<idx>586</idx>
		<k>준</k>
		<m>좇을 준</m>
	</hanjaVO>
	<hanjaVO>
		<h>約</h>
		<idx>587</idx>
		<k>약</k>
		<m>약속할 약</m>
	</hanjaVO>
	<hanjaVO>
		<h>法</h>
		<idx>588</idx>
		<k>법</k>
		<m>법 법</m>
	</hanjaVO>
	<hanjaVO>
		<h>韓</h>
		<idx>589</idx>
		<k>한</k>
		<m>나라 한</m>
	</hanjaVO>
	<hanjaVO>
		<h>弊</h>
		<idx>590</idx>
		<k>폐</k>
		<m>해질 폐</m>
	</hanjaVO>
	<hanjaVO>
		<h>煩</h>
		<idx>591</idx>
		<k>번</k>
		<m>번거로울 번</m>
	</hanjaVO>
	<hanjaVO>
		<h>刑</h>
		<idx>592</idx>
		<k>형</k>
		<m>형벌 형</m>
	</hanjaVO>
	<hanjaVO>
		<h>起</h>
		<idx>593</idx>
		<k>기</k>
		<m>일어날 기</m>
	</hanjaVO>
	<hanjaVO>
		<h>翦</h>
		<idx>594</idx>
		<k>전</k>
		<m>자를 전</m>
	</hanjaVO>
	<hanjaVO>
		<h>頗</h>
		<idx>595</idx>
		<k>파</k>
		<m>자못 파</m>
	</hanjaVO>
	<hanjaVO>
		<h>牧</h>
		<idx>596</idx>
		<k>목</k>
		<m>칠 목</m>
	</hanjaVO>
	<hanjaVO>
		<h>用</h>
		<idx>597</idx>
		<k>용</k>
		<m>쓸 용</m>
	</hanjaVO>
	<hanjaVO>
		<h>軍</h>
		<idx>598</idx>
		<k>군</k>
		<m>군사 군</m>
	</hanjaVO>
	<hanjaVO>
		<h>最</h>
		<idx>599</idx>
		<k>최</k>
		<m>가장 최</m>
	</hanjaVO>
	<hanjaVO>
		<h>精</h>
		<idx>600</idx>
		<k>정</k>
		<m>정할 정</m>
	</hanjaVO>
	<hanjaVO>
		<h>宣</h>
		<idx>601</idx>
		<k>선</k>
		<m>베풀 선</m>
	</hanjaVO>
	<hanjaVO>
		<h>威</h>
		<idx>602</idx>
		<k>위</k>
		<m>위엄 위</m>
	</hanjaVO>
	<hanjaVO>
		<h>沙</h>
		<idx>603</idx>
		<k>사</k>
		<m>모래 사</m>
	</hanjaVO>
	<hanjaVO>
		<h>漠</h>
		<idx>604</idx>
		<k>막</k>
		<m>아득할 막</m>
	</hanjaVO>
	<hanjaVO>
		<h>馳</h>
		<idx>605</idx>
		<k>치</k>
		<m>달릴 치</m>
	</hanjaVO>
	<hanjaVO>
		<h>譽</h>
		<idx>606</idx>
		<k>예</k>
		<m>칭찬할 예</m>
	</hanjaVO>
	<hanjaVO>
		<h>丹</h>
		<idx>607</idx>
		<k>단</k>
		<m>붉을 단</m>
	</hanjaVO>
	<hanjaVO>
		<h>靑</h>
		<idx>608</idx>
		<k>청</k>
		<m>푸를 청</m>
	</hanjaVO>
	<hanjaVO>
		<h>九</h>
		<idx>609</idx>
		<k>구</k>
		<m>아홉 구</m>
	</hanjaVO>
	<hanjaVO>
		<h>州</h>
		<idx>610</idx>
		<k>주</k>
		<m>고을 주</m>
	</hanjaVO>
	<hanjaVO>
		<h>禹</h>
		<idx>611</idx>
		<k>우</k>
		<m>하우씨 우</m>
	</hanjaVO>
	<hanjaVO>
		<h>跡</h>
		<idx>612</idx>
		<k>적</k>
		<m>자취 적</m>
	</hanjaVO>
	<hanjaVO>
		<h>百</h>
		<idx>613</idx>
		<k>백</k>
		<m>일백 백</m>
	</hanjaVO>
	<hanjaVO>
		<h>郡</h>
		<idx>614</idx>
		<k>군</k>
		<m>고을 군</m>
	</hanjaVO>
	<hanjaVO>
		<h>秦</h>
		<idx>615</idx>
		<k>진</k>
		<m>나라 진</m>
	</hanjaVO>
	<hanjaVO>
		<h>幷</h>
		<idx>616</idx>
		<k>병</k>
		<m>아우를 병</m>
	</hanjaVO>
	<hanjaVO>
		<h>嶽</h>
		<idx>617</idx>
		<k>악</k>
		<m>산마루 악</m>
	</hanjaVO>
	<hanjaVO>
		<h>宗</h>
		<idx>618</idx>
		<k>종</k>
		<m>마루 종</m>
	</hanjaVO>
	<hanjaVO>
		<h>恒</h>
		<idx>619</idx>
		<k>항</k>
		<m>항상 항</m>
	</hanjaVO>
	<hanjaVO>
		<h>岱</h>
		<idx>620</idx>
		<k>대</k>
		<m>뫼 대</m>
	</hanjaVO>
	<hanjaVO>
		<h>禪</h>
		<idx>621</idx>
		<k>선</k>
		<m>터닦을 선</m>
	</hanjaVO>
	<hanjaVO>
		<h>主</h>
		<idx>622</idx>
		<k>주</k>
		<m>임금 주</m>
	</hanjaVO>
	<hanjaVO>
		<h>云</h>
		<idx>623</idx>
		<k>운</k>
		<m>이를 운</m>
	</hanjaVO>
	<hanjaVO>
		<h>亭</h>
		<idx>624</idx>
		<k>정</k>
		<m>정자 정</m>
	</hanjaVO>
	<hanjaVO>
		<h>雁</h>
		<idx>625</idx>
		<k>안</k>
		<m>기러기 안</m>
	</hanjaVO>
	<hanjaVO>
		<h>門</h>
		<idx>626</idx>
		<k>문</k>
		<m>문 문</m>
	</hanjaVO>
	<hanjaVO>
		<h>紫</h>
		<idx>627</idx>
		<k>자</k>
		<m>붉을 자</m>
	</hanjaVO>
	<hanjaVO>
		<h>塞</h>
		<idx>628</idx>
		<k>새</k>
		<m>변방 새</m>
	</hanjaVO>
	<hanjaVO>
		<h>鷄</h>
		<idx>629</idx>
		<k>계</k>
		<m>닭 계</m>
	</hanjaVO>
	<hanjaVO>
		<h>田</h>
		<idx>630</idx>
		<k>전</k>
		<m>밭 전</m>
	</hanjaVO>
	<hanjaVO>
		<h>赤</h>
		<idx>631</idx>
		<k>적</k>
		<m>붉을 적</m>
	</hanjaVO>
	<hanjaVO>
		<h>城</h>
		<idx>632</idx>
		<k>성</k>
		<m>성 성</m>
	</hanjaVO>
	<hanjaVO>
		<h>昆</h>
		<idx>633</idx>
		<k>곤</k>
		<m>맏 곤</m>
	</hanjaVO>
	<hanjaVO>
		<h>池</h>
		<idx>634</idx>
		<k>지</k>
		<m>못 지</m>
	</hanjaVO>
	<hanjaVO>
		<h>碣</h>
		<idx>635</idx>
		<k>갈</k>
		<m>돌 갈</m>
	</hanjaVO>
	<hanjaVO>
		<h>石</h>
		<idx>636</idx>
		<k>석</k>
		<m>돌 석</m>
	</hanjaVO>
	<hanjaVO>
		<h>鉅</h>
		<idx>637</idx>
		<k>거</k>
		<m>클 거</m>
	</hanjaVO>
	<hanjaVO>
		<h>野</h>
		<idx>638</idx>
		<k>야</k>
		<m>들 야</m>
	</hanjaVO>
	<hanjaVO>
		<h>洞</h>
		<idx>639</idx>
		<k>동</k>
		<m>골 동/꿰뚫을 통</m>
	</hanjaVO>
	<hanjaVO>
		<h>庭</h>
		<idx>640</idx>
		<k>정</k>
		<m>뜰 정</m>
	</hanjaVO>
	<hanjaVO>
		<h>曠</h>
		<idx>641</idx>
		<k>광</k>
		<m>빌 광</m>
	</hanjaVO>
	<hanjaVO>
		<h>遠</h>
		<idx>642</idx>
		<k>원</k>
		<m>멀 원</m>
	</hanjaVO>
	<hanjaVO>
		<h>綿</h>
		<idx>643</idx>
		<k>면</k>
		<m>이어질 면</m>
	</hanjaVO>
	<hanjaVO>
		<h>邈</h>
		<idx>644</idx>
		<k>막</k>
		<m>멀 막</m>
	</hanjaVO>
	<hanjaVO>
		<h>巖</h>
		<idx>645</idx>
		<k>암</k>
		<m>바위 암</m>
	</hanjaVO>
	<hanjaVO>
		<h>峀</h>
		<idx>646</idx>
		<k>수</k>
		<m>메뿌리 수</m>
	</hanjaVO>
	<hanjaVO>
		<h>杳</h>
		<idx>647</idx>
		<k>묘</k>
		<m>아득할 묘</m>
	</hanjaVO>
	<hanjaVO>
		<h>冥</h>
		<idx>648</idx>
		<k>명</k>
		<m>어두울 명</m>
	</hanjaVO>
	<hanjaVO>
		<h>治</h>
		<idx>649</idx>
		<k>치</k>
		<m>다스릴 치</m>
	</hanjaVO>
	<hanjaVO>
		<h>本</h>
		<idx>650</idx>
		<k>본</k>
		<m>근본 본</m>
	</hanjaVO>
	<hanjaVO>
		<h>於</h>
		<idx>651</idx>
		<k>어</k>
		<m>어조사 어</m>
	</hanjaVO>
	<hanjaVO>
		<h>農</h>
		<idx>652</idx>
		<k>농</k>
		<m>농사 농</m>
	</hanjaVO>
	<hanjaVO>
		<h>務</h>
		<idx>653</idx>
		<k>무</k>
		<m>힘쓸 무</m>
	</hanjaVO>
	<hanjaVO>
		<h>玆</h>
		<idx>654</idx>
		<k>자</k>
		<m>이 자</m>
	</hanjaVO>
	<hanjaVO>
		<h>稼</h>
		<idx>655</idx>
		<k>가</k>
		<m>심을 가</m>
	</hanjaVO>
	<hanjaVO>
		<h>穡</h>
		<idx>656</idx>
		<k>색</k>
		<m>거둘 색</m>
	</hanjaVO>
	<hanjaVO>
		<h>俶</h>
		<idx>657</idx>
		<k>숙</k>
		<m>비로소 숙</m>
	</hanjaVO>
	<hanjaVO>
		<h>載</h>
		<idx>658</idx>
		<k>재</k>
		<m>실을 재</m>
	</hanjaVO>
	<hanjaVO>
		<h>南</h>
		<idx>659</idx>
		<k>남</k>
		<m>남녘 남</m>
	</hanjaVO>
	<hanjaVO>
		<h>畝</h>
		<idx>660</idx>
		<k>묘</k>
		<m>이랑 묘</m>
	</hanjaVO>
	<hanjaVO>
		<h>我</h>
		<idx>661</idx>
		<k>아</k>
		<m>나 아</m>
	</hanjaVO>
	<hanjaVO>
		<h>藝</h>
		<idx>662</idx>
		<k>예</k>
		<m>재주 예</m>
	</hanjaVO>
	<hanjaVO>
		<h>黍</h>
		<idx>663</idx>
		<k>서</k>
		<m>기장 서</m>
	</hanjaVO>
	<hanjaVO>
		<h>稷</h>
		<idx>664</idx>
		<k>직</k>
		<m>피 직</m>
	</hanjaVO>
	<hanjaVO>
		<h>稅</h>
		<idx>665</idx>
		<k>세</k>
		<m>징수할 세</m>
	</hanjaVO>
	<hanjaVO>
		<h>熟</h>
		<idx>666</idx>
		<k>숙</k>
		<m>익을 숙</m>
	</hanjaVO>
	<hanjaVO>
		<h>貢</h>
		<idx>667</idx>
		<k>공</k>
		<m>바칠 공</m>
	</hanjaVO>
	<hanjaVO>
		<h>新</h>
		<idx>668</idx>
		<k>신</k>
		<m>새 신</m>
	</hanjaVO>
	<hanjaVO>
		<h>勸</h>
		<idx>669</idx>
		<k>권</k>
		<m>권할 권</m>
	</hanjaVO>
	<hanjaVO>
		<h>賞</h>
		<idx>670</idx>
		<k>상</k>
		<m>상줄 상</m>
	</hanjaVO>
	<hanjaVO>
		<h>黜</h>
		<idx>671</idx>
		<k>출</k>
		<m>물리칠 출</m>
	</hanjaVO>
	<hanjaVO>
		<h>陟</h>
		<idx>672</idx>
		<k>척</k>
		<m>오를 척</m>
	</hanjaVO>
	<hanjaVO>
		<h>孟</h>
		<idx>673</idx>
		<k>맹</k>
		<m>맏 맹</m>
	</hanjaVO>
	<hanjaVO>
		<h>軻</h>
		<idx>674</idx>
		<k>가</k>
		<m>수레 가</m>
	</hanjaVO>
	<hanjaVO>
		<h>敦</h>
		<idx>675</idx>
		<k>돈</k>
		<m>도타울 돈</m>
	</hanjaVO>
	<hanjaVO>
		<h>素</h>
		<idx>676</idx>
		<k>소</k>
		<m>흴 소</m>
	</hanjaVO>
	<hanjaVO>
		<h>史</h>
		<idx>677</idx>
		<k>사</k>
		<m>역사 사</m>
	</hanjaVO>
	<hanjaVO>
		<h>魚</h>
		<idx>678</idx>
		<k>어</k>
		<m>물고기 어</m>
	</hanjaVO>
	<hanjaVO>
		<h>秉</h>
		<idx>679</idx>
		<k>병</k>
		<m>잡을 병</m>
	</hanjaVO>
	<hanjaVO>
		<h>直</h>
		<idx>680</idx>
		<k>직</k>
		<m>곧을 직</m>
	</hanjaVO>
	<hanjaVO>
		<h>庶</h>
		<idx>681</idx>
		<k>서</k>
		<m>여러 서</m>
	</hanjaVO>
	<hanjaVO>
		<h>幾</h>
		<idx>682</idx>
		<k>기</k>
		<m>몇 기</m>
	</hanjaVO>
	<hanjaVO>
		<h>中</h>
		<idx>683</idx>
		<k>중</k>
		<m>가운데 중</m>
	</hanjaVO>
	<hanjaVO>
		<h>庸</h>
		<idx>684</idx>
		<k>용</k>
		<m>떳떳 용</m>
	</hanjaVO>
	<hanjaVO>
		<h>勞</h>
		<idx>685</idx>
		<k>노</k>
		<m>힘쓸 로</m>
	</hanjaVO>
	<hanjaVO>
		<h>謙</h>
		<idx>686</idx>
		<k>겸</k>
		<m>겸손 겸</m>
	</hanjaVO>
	<hanjaVO>
		<h>謹</h>
		<idx>687</idx>
		<k>근</k>
		<m>삼갈 근</m>
	</hanjaVO>
	<hanjaVO>
		<h>勅</h>
		<idx>688</idx>
		<k>칙</k>
		<m>칙서 칙</m>
	</hanjaVO>
	<hanjaVO>
		<h>聆</h>
		<idx>689</idx>
		<k>영</k>
		<m>들을 령</m>
	</hanjaVO>
	<hanjaVO>
		<h>音</h>
		<idx>690</idx>
		<k>음</k>
		<m>소리 음</m>
	</hanjaVO>
	<hanjaVO>
		<h>察</h>
		<idx>691</idx>
		<k>찰</k>
		<m>살필 찰</m>
	</hanjaVO>
	<hanjaVO>
		<h>理</h>
		<idx>692</idx>
		<k>리</k>
		<m>다스릴 리</m>
	</hanjaVO>
	<hanjaVO>
		<h>鑑</h>
		<idx>693</idx>
		<k>감</k>
		<m>거울 감</m>
	</hanjaVO>
	<hanjaVO>
		<h>貌</h>
		<idx>694</idx>
		<k>모</k>
		<m>모양 모</m>
	</hanjaVO>
	<hanjaVO>
		<h>辨</h>
		<idx>695</idx>
		<k>변</k>
		<m>분별 변</m>
	</hanjaVO>
	<hanjaVO>
		<h>色</h>
		<idx>696</idx>
		<k>색</k>
		<m>빛 색</m>
	</hanjaVO>
	<hanjaVO>
		<h>貽</h>
		<idx>697</idx>
		<k>이</k>
		<m>끼칠 이</m>
	</hanjaVO>
	<hanjaVO>
		<h>厥</h>
		<idx>698</idx>
		<k>궐</k>
		<m>그 궐</m>
	</hanjaVO>
	<hanjaVO>
		<h>嘉</h>
		<idx>699</idx>
		<k>가</k>
		<m>아름다울 가</m>
	</hanjaVO>
	<hanjaVO>
		<h>猷</h>
		<idx>700</idx>
		<k>유</k>
		<m>꾀 유</m>
	</hanjaVO>
	<hanjaVO>
		<h>勉</h>
		<idx>701</idx>
		<k>면</k>
		<m>힘쓸 면</m>
	</hanjaVO>
	<hanjaVO>
		<h>其</h>
		<idx>702</idx>
		<k>기</k>
		<m>그 기</m>
	</hanjaVO>
	<hanjaVO>
		<h>祗</h>
		<idx>703</idx>
		<k>지</k>
		<m>공경 지</m>
	</hanjaVO>
	<hanjaVO>
		<h>植</h>
		<idx>704</idx>
		<k>식</k>
		<m>심을 식</m>
	</hanjaVO>
	<hanjaVO>
		<h>省</h>
		<idx>705</idx>
		<k>생</k>
		<m>살필 성/덜 생</m>
	</hanjaVO>
	<hanjaVO>
		<h>躬</h>
		<idx>706</idx>
		<k>궁</k>
		<m>몸 궁</m>
	</hanjaVO>
	<hanjaVO>
		<h>譏</h>
		<idx>707</idx>
		<k>기</k>
		<m>나무랄 기</m>
	</hanjaVO>
	<hanjaVO>
		<h>誡</h>
		<idx>708</idx>
		<k>계</k>
		<m>경계 계</m>
	</hanjaVO>
	<hanjaVO>
		<h>寵</h>
		<idx>709</idx>
		<k>총</k>
		<m>고일 총</m>
	</hanjaVO>
	<hanjaVO>
		<h>增</h>
		<idx>710</idx>
		<k>증</k>
		<m>더할 증</m>
	</hanjaVO>
	<hanjaVO>
		<h>抗</h>
		<idx>711</idx>
		<k>항</k>
		<m>저항할 항</m>
	</hanjaVO>
	<hanjaVO>
		<h>極</h>
		<idx>712</idx>
		<k>극</k>
		<m>다할 극</m>
	</hanjaVO>
	<hanjaVO>
		<h>殆</h>
		<idx>713</idx>
		<k>태</k>
		<m>위태 태</m>
	</hanjaVO>
	<hanjaVO>
		<h>辱</h>
		<idx>714</idx>
		<k>욕</k>
		<m>욕할 욕</m>
	</hanjaVO>
	<hanjaVO>
		<h>近</h>
		<idx>715</idx>
		<k>근</k>
		<m>가까울 근</m>
	</hanjaVO>
	<hanjaVO>
		<h>恥</h>
		<idx>716</idx>
		<k>치</k>
		<m>부끄러울 치</m>
	</hanjaVO>
	<hanjaVO>
		<h>林</h>
		<idx>717</idx>
		<k>임</k>
		<m>수풀 림</m>
	</hanjaVO>
	<hanjaVO>
		<h>皐</h>
		<idx>718</idx>
		<k>고</k>
		<m>언덕 고</m>
	</hanjaVO>
	<hanjaVO>
		<h>幸</h>
		<idx>719</idx>
		<k>행</k>
		<m>다행 행</m>
	</hanjaVO>
	<hanjaVO>
		<h>卽</h>
		<idx>720</idx>
		<k>즉</k>
		<m>곧 즉</m>
	</hanjaVO>
	<hanjaVO>
		<h>兩</h>
		<idx>721</idx>
		<k>양</k>
		<m>두 량</m>
	</hanjaVO>
	<hanjaVO>
		<h>疏</h>
		<idx>722</idx>
		<k>소</k>
		<m>상소할 소</m>
	</hanjaVO>
	<hanjaVO>
		<h>見</h>
		<idx>723</idx>
		<k>견</k>
		<m>볼 견/나타날 현</m>
	</hanjaVO>
	<hanjaVO>
		<h>機</h>
		<idx>724</idx>
		<k>기</k>
		<m>틀 기</m>
	</hanjaVO>
	<hanjaVO>
		<h>解</h>
		<idx>725</idx>
		<k>해</k>
		<m>풀 해</m>
	</hanjaVO>
	<hanjaVO>
		<h>組</h>
		<idx>726</idx>
		<k>조</k>
		<m>짤 조</m>
	</hanjaVO>
	<hanjaVO>
		<h>誰</h>
		<idx>727</idx>
		<k>수</k>
		<m>누구 수</m>
	</hanjaVO>
	<hanjaVO>
		<h>逼</h>
		<idx>728</idx>
		<k>핍</k>
		<m>핍박할 핍</m>
	</hanjaVO>
	<hanjaVO>
		<h>索</h>
		<idx>729</idx>
		<k>삭</k>
		<m>찾을 색</m>
	</hanjaVO>
	<hanjaVO>
		<h>居</h>
		<idx>730</idx>
		<k>거</k>
		<m>살 거</m>
	</hanjaVO>
	<hanjaVO>
		<h>閑</h>
		<idx>731</idx>
		<k>한</k>
		<m>한가 한</m>
	</hanjaVO>
	<hanjaVO>
		<h>處</h>
		<idx>732</idx>
		<k>처</k>
		<m>곳 처</m>
	</hanjaVO>
	<hanjaVO>
		<h>沈</h>
		<idx>733</idx>
		<k>침</k>
		<m>잠길 침</m>
	</hanjaVO>
	<hanjaVO>
		<h>黙</h>
		<idx>734</idx>
		<k>묵</k>
		<m>잠잠할 묵</m>
	</hanjaVO>
	<hanjaVO>
		<h>寂</h>
		<idx>735</idx>
		<k>적</k>
		<m>고요할 적</m>
	</hanjaVO>
	<hanjaVO>
		<h>寥</h>
		<idx>736</idx>
		<k>요</k>
		<m>고요 요</m>
	</hanjaVO>
	<hanjaVO>
		<h>求</h>
		<idx>737</idx>
		<k>구</k>
		<m>구할 구</m>
	</hanjaVO>
	<hanjaVO>
		<h>古</h>
		<idx>738</idx>
		<k>고</k>
		<m>옛 고</m>
	</hanjaVO>
	<hanjaVO>
		<h>尋</h>
		<idx>739</idx>
		<k>심</k>
		<m>찾을 심</m>
	</hanjaVO>
	<hanjaVO>
		<h>論</h>
		<idx>740</idx>
		<k>론</k>
		<m>의논할 론</m>
	</hanjaVO>
	<hanjaVO>
		<h>散</h>
		<idx>741</idx>
		<k>산</k>
		<m>흩을 산</m>
	</hanjaVO>
	<hanjaVO>
		<h>慮</h>
		<idx>742</idx>
		<k>려</k>
		<m>생각 려</m>
	</hanjaVO>
	<hanjaVO>
		<h>逍</h>
		<idx>743</idx>
		<k>소</k>
		<m>거닐 소</m>
	</hanjaVO>
	<hanjaVO>
		<h>遙</h>
		<idx>744</idx>
		<k>요</k>
		<m>멀 요</m>
	</hanjaVO>
	<hanjaVO>
		<h>欣</h>
		<idx>745</idx>
		<k>흔</k>
		<m>기쁠 흔</m>
	</hanjaVO>
	<hanjaVO>
		<h>奏</h>
		<idx>746</idx>
		<k>주</k>
		<m>아뢸 주</m>
	</hanjaVO>
	<hanjaVO>
		<h>累</h>
		<idx>747</idx>
		<k>누</k>
		<m>여러 루</m>
	</hanjaVO>
	<hanjaVO>
		<h>遣</h>
		<idx>748</idx>
		<k>견</k>
		<m>보낼 견</m>
	</hanjaVO>
	<hanjaVO>
		<h>慼</h>
		<idx>749</idx>
		<k>척</k>
		<m>슬플 척</m>
	</hanjaVO>
	<hanjaVO>
		<h>謝</h>
		<idx>750</idx>
		<k>사</k>
		<m>사례 사</m>
	</hanjaVO>
	<hanjaVO>
		<h>歡</h>
		<idx>751</idx>
		<k>환</k>
		<m>기뻐할 환</m>
	</hanjaVO>
	<hanjaVO>
		<h>招</h>
		<idx>752</idx>
		<k>초</k>
		<m>부를 초</m>
	</hanjaVO>
	<hanjaVO>
		<h>渠</h>
		<idx>753</idx>
		<k>거</k>
		<m>개천 거</m>
	</hanjaVO>
	<hanjaVO>
		<h>荷</h>
		<idx>754</idx>
		<k>하</k>
		<m>연꽃 하</m>
	</hanjaVO>
	<hanjaVO>
		<h>的</h>
		<idx>755</idx>
		<k>적</k>
		<m>과녁 적</m>
	</hanjaVO>
	<hanjaVO>
		<h>歷</h>
		<idx>756</idx>
		<k>력</k>
		<m>지낼 력</m>
	</hanjaVO>
	<hanjaVO>
		<h>園</h>
		<idx>757</idx>
		<k>원</k>
		<m>동산 원</m>
	</hanjaVO>
	<hanjaVO>
		<h>莽</h>
		<idx>758</idx>
		<k>망</k>
		<m>풀 망</m>
	</hanjaVO>
	<hanjaVO>
		<h>抽</h>
		<idx>759</idx>
		<k>추</k>
		<m>빼낼 추</m>
	</hanjaVO>
	<hanjaVO>
		<h>條</h>
		<idx>760</idx>
		<k>조</k>
		<m>조목 조</m>
	</hanjaVO>
	<hanjaVO>
		<h>枇</h>
		<idx>761</idx>
		<k>비</k>
		<m>비파나무 비</m>
	</hanjaVO>
	<hanjaVO>
		<h>杷</h>
		<idx>762</idx>
		<k>파</k>
		<m>비파나무 파</m>
	</hanjaVO>
	<hanjaVO>
		<h>晩</h>
		<idx>763</idx>
		<k>만</k>
		<m>늦을 만</m>
	</hanjaVO>
	<hanjaVO>
		<h>翠</h>
		<idx>764</idx>
		<k>취</k>
		<m>푸를 취</m>
	</hanjaVO>
	<hanjaVO>
		<h>梧</h>
		<idx>765</idx>
		<k>오</k>
		<m>오동 오</m>
	</hanjaVO>
	<hanjaVO>
		<h>桐</h>
		<idx>766</idx>
		<k>동</k>
		<m>오동 동</m>
	</hanjaVO>
	<hanjaVO>
		<h>早</h>
		<idx>767</idx>
		<k>조</k>
		<m>이를 조</m>
	</hanjaVO>
	<hanjaVO>
		<h>凋</h>
		<idx>768</idx>
		<k>조</k>
		<m>시들 조</m>
	</hanjaVO>
	<hanjaVO>
		<h>陳</h>
		<idx>769</idx>
		<k>진</k>
		<m>베풀 진</m>
	</hanjaVO>
	<hanjaVO>
		<h>根</h>
		<idx>770</idx>
		<k>근</k>
		<m>뿌리 근</m>
	</hanjaVO>
	<hanjaVO>
		<h>委</h>
		<idx>771</idx>
		<k>위</k>
		<m>맡길 위</m>
	</hanjaVO>
	<hanjaVO>
		<h>翳</h>
		<idx>772</idx>
		<k>예</k>
		<m>가릴 예</m>
	</hanjaVO>
	<hanjaVO>
		<h>落</h>
		<idx>773</idx>
		<k>낙</k>
		<m>떨어질 락</m>
	</hanjaVO>
	<hanjaVO>
		<h>葉</h>
		<idx>774</idx>
		<k>엽</k>
		<m>잎사귀 엽</m>
	</hanjaVO>
	<hanjaVO>
		<h>飄</h>
		<idx>775</idx>
		<k>표</k>
		<m>나부낄 표</m>
	</hanjaVO>
	<hanjaVO>
		<h>颻</h>
		<idx>776</idx>
		<k>요</k>
		<m>나부낄 요</m>
	</hanjaVO>
	<hanjaVO>
		<h>遊</h>
		<idx>777</idx>
		<k>유</k>
		<m>헤엄칠 유</m>
	</hanjaVO>
	<hanjaVO>
		<h>鵾</h>
		<idx>778</idx>
		<k>곤</k>
		<m>곤새 곤</m>
	</hanjaVO>
	<hanjaVO>
		<h>獨</h>
		<idx>779</idx>
		<k>독</k>
		<m>홀로 독</m>
	</hanjaVO>
	<hanjaVO>
		<h>運</h>
		<idx>780</idx>
		<k>운</k>
		<m>운전 운</m>
	</hanjaVO>
	<hanjaVO>
		<h>凌</h>
		<idx>781</idx>
		<k>능</k>
		<m>업신여길 릉</m>
	</hanjaVO>
	<hanjaVO>
		<h>摩</h>
		<idx>782</idx>
		<k>마</k>
		<m>만질 마</m>
	</hanjaVO>
	<hanjaVO>
		<h>絳</h>
		<idx>783</idx>
		<k>강</k>
		<m>붉을 강</m>
	</hanjaVO>
	<hanjaVO>
		<h>霄</h>
		<idx>784</idx>
		<k>소</k>
		<m>하늘 소</m>
	</hanjaVO>
	<hanjaVO>
		<h>耽</h>
		<idx>785</idx>
		<k>탐</k>
		<m>즐길 탐</m>
	</hanjaVO>
	<hanjaVO>
		<h>讀</h>
		<idx>786</idx>
		<k>독</k>
		<m>읽을 독/이두 두</m>
	</hanjaVO>
	<hanjaVO>
		<h>翫</h>
		<idx>787</idx>
		<k>완</k>
		<m>가지고놀 완</m>
	</hanjaVO>
	<hanjaVO>
		<h>市</h>
		<idx>788</idx>
		<k>시</k>
		<m>저자 시</m>
	</hanjaVO>
	<hanjaVO>
		<h>寓</h>
		<idx>789</idx>
		<k>우</k>
		<m>붙일 우</m>
	</hanjaVO>
	<hanjaVO>
		<h>目</h>
		<idx>790</idx>
		<k>목</k>
		<m>눈 목</m>
	</hanjaVO>
	<hanjaVO>
		<h>囊</h>
		<idx>791</idx>
		<k>낭</k>
		<m>주머니 낭</m>
	</hanjaVO>
	<hanjaVO>
		<h>箱</h>
		<idx>792</idx>
		<k>상</k>
		<m>상자 상</m>
	</hanjaVO>
	<hanjaVO>
		<h>易</h>
		<idx>793</idx>
		<k>이</k>
		<m>쉬울 이/바꿀 역</m>
	</hanjaVO>
	<hanjaVO>
		<h>輶</h>
		<idx>794</idx>
		<k>유</k>
		<m>가벼울 유</m>
	</hanjaVO>
	<hanjaVO>
		<h>攸</h>
		<idx>795</idx>
		<k>유</k>
		<m>바 유</m>
	</hanjaVO>
	<hanjaVO>
		<h>畏</h>
		<idx>796</idx>
		<k>외</k>
		<m>두려워할 외</m>
	</hanjaVO>
	<hanjaVO>
		<h>屬</h>
		<idx>797</idx>
		<k>속</k>
		<m>붙을 속/이을 촉</m>
	</hanjaVO>
	<hanjaVO>
		<h>耳</h>
		<idx>798</idx>
		<k>이</k>
		<m>귀 이</m>
	</hanjaVO>
	<hanjaVO>
		<h>垣</h>
		<idx>799</idx>
		<k>원</k>
		<m>담 원</m>
	</hanjaVO>
	<hanjaVO>
		<h>牆</h>
		<idx>800</idx>
		<k>장</k>
		<m>담 장</m>
	</hanjaVO>
	<hanjaVO>
		<h>具</h>
		<idx>801</idx>
		<k>구</k>
		<m>갖출 구</m>
	</hanjaVO>
	<hanjaVO>
		<h>膳</h>
		<idx>802</idx>
		<k>선</k>
		<m>반찬 선</m>
	</hanjaVO>
	<hanjaVO>
		<h>飱</h>
		<idx>803</idx>
		<k>손</k>
		<m>밥 손</m>
	</hanjaVO>
	<hanjaVO>
		<h>飯</h>
		<idx>804</idx>
		<k>반</k>
		<m>밥 반</m>
	</hanjaVO>
	<hanjaVO>
		<h>適</h>
		<idx>805</idx>
		<k>적</k>
		<m>마침 적</m>
	</hanjaVO>
	<hanjaVO>
		<h>口</h>
		<idx>806</idx>
		<k>구</k>
		<m>입 구</m>
	</hanjaVO>
	<hanjaVO>
		<h>充</h>
		<idx>807</idx>
		<k>충</k>
		<m>채울 충</m>
	</hanjaVO>
	<hanjaVO>
		<h>腸</h>
		<idx>808</idx>
		<k>장</k>
		<m>창자 장</m>
	</hanjaVO>
	<hanjaVO>
		<h>飽</h>
		<idx>809</idx>
		<k>포</k>
		<m>배부를 포</m>
	</hanjaVO>
	<hanjaVO>
		<h>飫</h>
		<idx>810</idx>
		<k>어</k>
		<m>배부를 어</m>
	</hanjaVO>
	<hanjaVO>
		<h>烹</h>
		<idx>811</idx>
		<k>팽</k>
		<m>삶을 팽</m>
	</hanjaVO>
	<hanjaVO>
		<h>宰</h>
		<idx>812</idx>
		<k>재</k>
		<m>재상 재</m>
	</hanjaVO>
	<hanjaVO>
		<h>饑</h>
		<idx>813</idx>
		<k>기</k>
		<m>주릴 기</m>
	</hanjaVO>
	<hanjaVO>
		<h>厭</h>
		<idx>814</idx>
		<k>염</k>
		<m>싫을 염</m>
	</hanjaVO>
	<hanjaVO>
		<h>糟</h>
		<idx>815</idx>
		<k>조</k>
		<m>재강 조</m>
	</hanjaVO>
	<hanjaVO>
		<h>糠</h>
		<idx>816</idx>
		<k>강</k>
		<m>겨 강</m>
	</hanjaVO>
	<hanjaVO>
		<h>親</h>
		<idx>817</idx>
		<k>친</k>
		<m>친할 친</m>
	</hanjaVO>
	<hanjaVO>
		<h>戚</h>
		<idx>818</idx>
		<k>척</k>
		<m>겨레 척</m>
	</hanjaVO>
	<hanjaVO>
		<h>故</h>
		<idx>819</idx>
		<k>고</k>
		<m>연고 고</m>
	</hanjaVO>
	<hanjaVO>
		<h>舊</h>
		<idx>820</idx>
		<k>구</k>
		<m>옛 구</m>
	</hanjaVO>
	<hanjaVO>
		<h>老</h>
		<idx>821</idx>
		<k>노</k>
		<m>늙을 로</m>
	</hanjaVO>
	<hanjaVO>
		<h>少</h>
		<idx>822</idx>
		<k>소</k>
		<m>젊을 소</m>
	</hanjaVO>
	<hanjaVO>
		<h>異</h>
		<idx>823</idx>
		<k>이</k>
		<m>다를 이</m>
	</hanjaVO>
	<hanjaVO>
		<h>糧</h>
		<idx>824</idx>
		<k>량</k>
		<m>양식 량</m>
	</hanjaVO>
	<hanjaVO>
		<h>妾</h>
		<idx>825</idx>
		<k>첩</k>
		<m>첩 첩</m>
	</hanjaVO>
	<hanjaVO>
		<h>御</h>
		<idx>826</idx>
		<k>어</k>
		<m>모실 어</m>
	</hanjaVO>
	<hanjaVO>
		<h>績</h>
		<idx>827</idx>
		<k>적</k>
		<m>길쌈 적</m>
	</hanjaVO>
	<hanjaVO>
		<h>紡</h>
		<idx>828</idx>
		<k>방</k>
		<m>길쌈 방</m>
	</hanjaVO>
	<hanjaVO>
		<h>侍</h>
		<idx>829</idx>
		<k>시</k>
		<m>모실 시</m>
	</hanjaVO>
	<hanjaVO>
		<h>巾</h>
		<idx>830</idx>
		<k>건</k>
		<m>수건 건</m>
	</hanjaVO>
	<hanjaVO>
		<h>帷</h>
		<idx>831</idx>
		<k>유</k>
		<m>장막 유</m>
	</hanjaVO>
	<hanjaVO>
		<h>房</h>
		<idx>832</idx>
		<k>방</k>
		<m>방 방</m>
	</hanjaVO>
	<hanjaVO>
		<h>紈</h>
		<idx>833</idx>
		<k>환</k>
		<m>흰비단 환</m>
	</hanjaVO>
	<hanjaVO>
		<h>扇</h>
		<idx>834</idx>
		<k>선</k>
		<m>부채 선</m>
	</hanjaVO>
	<hanjaVO>
		<h>圓</h>
		<idx>835</idx>
		<k>원</k>
		<m>둥글 원</m>
	</hanjaVO>
	<hanjaVO>
		<h>潔</h>
		<idx>836</idx>
		<k>결</k>
		<m>깨끗할 결</m>
	</hanjaVO>
	<hanjaVO>
		<h>銀</h>
		<idx>837</idx>
		<k>은</k>
		<m>은 은</m>
	</hanjaVO>
	<hanjaVO>
		<h>燭</h>
		<idx>838</idx>
		<k>촉</k>
		<m>촛불 촉</m>
	</hanjaVO>
	<hanjaVO>
		<h>煒</h>
		<idx>839</idx>
		<k>위</k>
		<m>빛날 위</m>
	</hanjaVO>
	<hanjaVO>
		<h>煌</h>
		<idx>840</idx>
		<k>황</k>
		<m>빛날 황</m>
	</hanjaVO>
	<hanjaVO>
		<h>晝</h>
		<idx>841</idx>
		<k>주</k>
		<m>낮 주</m>
	</hanjaVO>
	<hanjaVO>
		<h>眠</h>
		<idx>842</idx>
		<k>면</k>
		<m>잘 면</m>
	</hanjaVO>
	<hanjaVO>
		<h>夕</h>
		<idx>843</idx>
		<k>석</k>
		<m>저녁 석</m>
	</hanjaVO>
	<hanjaVO>
		<h>寐</h>
		<idx>844</idx>
		<k>매</k>
		<m>잘 매</m>
	</hanjaVO>
	<hanjaVO>
		<h>藍</h>
		<idx>845</idx>
		<k>남</k>
		<m>쪽 람</m>
	</hanjaVO>
	<hanjaVO>
		<h>筍</h>
		<idx>846</idx>
		<k>순</k>
		<m>죽순 순</m>
	</hanjaVO>
	<hanjaVO>
		<h>象</h>
		<idx>847</idx>
		<k>상</k>
		<m>코끼리 상</m>
	</hanjaVO>
	<hanjaVO>
		<h>床</h>
		<idx>848</idx>
		<k>상</k>
		<m>상 상</m>
	</hanjaVO>
	<hanjaVO>
		<h>弦</h>
		<idx>849</idx>
		<k>현</k>
		<m>줄 현</m>
	</hanjaVO>
	<hanjaVO>
		<h>歌</h>
		<idx>850</idx>
		<k>가</k>
		<m>노래 가</m>
	</hanjaVO>
	<hanjaVO>
		<h>酒</h>
		<idx>851</idx>
		<k>주</k>
		<m>술 주</m>
	</hanjaVO>
	<hanjaVO>
		<h>讌</h>
		<idx>852</idx>
		<k>연</k>
		<m>잔치 연</m>
	</hanjaVO>
	<hanjaVO>
		<h>接</h>
		<idx>853</idx>
		<k>접</k>
		<m>이을 접</m>
	</hanjaVO>
	<hanjaVO>
		<h>杯</h>
		<idx>854</idx>
		<k>배</k>
		<m>잔 배</m>
	</hanjaVO>
	<hanjaVO>
		<h>擧</h>
		<idx>855</idx>
		<k>거</k>
		<m>들 거</m>
	</hanjaVO>
	<hanjaVO>
		<h>觴</h>
		<idx>856</idx>
		<k>상</k>
		<m>잔 상</m>
	</hanjaVO>
	<hanjaVO>
		<h>矯</h>
		<idx>857</idx>
		<k>교</k>
		<m>바로잡을 교</m>
	</hanjaVO>
	<hanjaVO>
		<h>手</h>
		<idx>858</idx>
		<k>수</k>
		<m>손 수</m>
	</hanjaVO>
	<hanjaVO>
		<h>頓</h>
		<idx>859</idx>
		<k>돈</k>
		<m>두드릴 돈</m>
	</hanjaVO>
	<hanjaVO>
		<h>足</h>
		<idx>860</idx>
		<k>족</k>
		<m>발 족</m>
	</hanjaVO>
	<hanjaVO>
		<h>悅</h>
		<idx>861</idx>
		<k>열</k>
		<m>기쁠 열</m>
	</hanjaVO>
	<hanjaVO>
		<h>豫</h>
		<idx>862</idx>
		<k>예</k>
		<m>미리 예</m>
	</hanjaVO>
	<hanjaVO>
		<h>且</h>
		<idx>863</idx>
		<k>차</k>
		<m>또 차</m>
	</hanjaVO>
	<hanjaVO>
		<h>康</h>
		<idx>864</idx>
		<k>강</k>
		<m>편안 강</m>
	</hanjaVO>
	<hanjaVO>
		<h>嫡</h>
		<idx>865</idx>
		<k>적</k>
		<m>정실 적</m>
	</hanjaVO>
	<hanjaVO>
		<h>後</h>
		<idx>866</idx>
		<k>후</k>
		<m>뒤 후</m>
	</hanjaVO>
	<hanjaVO>
		<h>嗣</h>
		<idx>867</idx>
		<k>사</k>
		<m>이을 사</m>
	</hanjaVO>
	<hanjaVO>
		<h>續</h>
		<idx>868</idx>
		<k>속</k>
		<m>이을 속</m>
	</hanjaVO>
	<hanjaVO>
		<h>祭</h>
		<idx>869</idx>
		<k>제</k>
		<m>제사 제</m>
	</hanjaVO>
	<hanjaVO>
		<h>祀</h>
		<idx>870</idx>
		<k>사</k>
		<m>제사 사</m>
	</hanjaVO>
	<hanjaVO>
		<h>蒸</h>
		<idx>871</idx>
		<k>증</k>
		<m>찔 증</m>
	</hanjaVO>
	<hanjaVO>
		<h>嘗</h>
		<idx>872</idx>
		<k>상</k>
		<m>맛볼 상</m>
	</hanjaVO>
	<hanjaVO>
		<h>稽</h>
		<idx>873</idx>
		<k>계</k>
		<m>조아릴 계</m>
	</hanjaVO>
	<hanjaVO>
		<h>顙</h>
		<idx>874</idx>
		<k>상</k>
		<m>이마 상</m>
	</hanjaVO>
	<hanjaVO>
		<h>再</h>
		<idx>875</idx>
		<k>재</k>
		<m>둘 재</m>
	</hanjaVO>
	<hanjaVO>
		<h>拜</h>
		<idx>876</idx>
		<k>배</k>
		<m>절 배</m>
	</hanjaVO>
	<hanjaVO>
		<h>悚</h>
		<idx>877</idx>
		<k>송</k>
		<m>두려워할 송</m>
	</hanjaVO>
	<hanjaVO>
		<h>懼</h>
		<idx>878</idx>
		<k>구</k>
		<m>두려워할 구</m>
	</hanjaVO>
	<hanjaVO>
		<h>恐</h>
		<idx>879</idx>
		<k>공</k>
		<m>두려워할 공</m>
	</hanjaVO>
	<hanjaVO>
		<h>惶</h>
		<idx>880</idx>
		<k>황</k>
		<m>두려워할 황</m>
	</hanjaVO>
	<hanjaVO>
		<h>牋</h>
		<idx>881</idx>
		<k>전</k>
		<m>편지 전</m>
	</hanjaVO>
	<hanjaVO>
		<h>牒</h>
		<idx>882</idx>
		<k>첩</k>
		<m>편지 첩</m>
	</hanjaVO>
	<hanjaVO>
		<h>簡</h>
		<idx>883</idx>
		<k>간</k>
		<m>편지 간</m>
	</hanjaVO>
	<hanjaVO>
		<h>要</h>
		<idx>884</idx>
		<k>요</k>
		<m>중요 요</m>
	</hanjaVO>
	<hanjaVO>
		<h>顧</h>
		<idx>885</idx>
		<k>고</k>
		<m>돌아볼 고</m>
	</hanjaVO>
	<hanjaVO>
		<h>答</h>
		<idx>886</idx>
		<k>답</k>
		<m>대답 답</m>
	</hanjaVO>
	<hanjaVO>
		<h>審</h>
		<idx>887</idx>
		<k>심</k>
		<m>살필 심</m>
	</hanjaVO>
	<hanjaVO>
		<h>詳</h>
		<idx>888</idx>
		<k>상</k>
		<m>자세할 상</m>
	</hanjaVO>
	<hanjaVO>
		<h>骸</h>
		<idx>889</idx>
		<k>해</k>
		<m>뼈 해</m>
	</hanjaVO>
	<hanjaVO>
		<h>垢</h>
		<idx>890</idx>
		<k>구</k>
		<m>때 구</m>
	</hanjaVO>
	<hanjaVO>
		<h>想</h>
		<idx>891</idx>
		<k>상</k>
		<m>생각할 상</m>
	</hanjaVO>
	<hanjaVO>
		<h>浴</h>
		<idx>892</idx>
		<k>욕</k>
		<m>목욕할 욕</m>
	</hanjaVO>
	<hanjaVO>
		<h>執</h>
		<idx>893</idx>
		<k>집</k>
		<m>잡을 집</m>
	</hanjaVO>
	<hanjaVO>
		<h>熱</h>
		<idx>894</idx>
		<k>열</k>
		<m>더울 열</m>
	</hanjaVO>
	<hanjaVO>
		<h>願</h>
		<idx>895</idx>
		<k>원</k>
		<m>원할 원</m>
	</hanjaVO>
	<hanjaVO>
		<h>凉</h>
		<idx>896</idx>
		<k>량</k>
		<m>서늘할 량</m>
	</hanjaVO>
	<hanjaVO>
		<h>驢</h>
		<idx>897</idx>
		<k>여</k>
		<m>나귀 려</m>
	</hanjaVO>
	<hanjaVO>
		<h>騾</h>
		<idx>898</idx>
		<k>라</k>
		<m>노새 라</m>
	</hanjaVO>
	<hanjaVO>
		<h>犢</h>
		<idx>899</idx>
		<k>독</k>
		<m>송아지 독</m>
	</hanjaVO>
	<hanjaVO>
		<h>特</h>
		<idx>900</idx>
		<k>특</k>
		<m>특별 특</m>
	</hanjaVO>
	<hanjaVO>
		<h>駭</h>
		<idx>901</idx>
		<k>해</k>
		<m>놀랄 해</m>
	</hanjaVO>
	<hanjaVO>
		<h>躍</h>
		<idx>902</idx>
		<k>약</k>
		<m>뛸 약</m>
	</hanjaVO>
	<hanjaVO>
		<h>超</h>
		<idx>903</idx>
		<k>초</k>
		<m>넘을 초</m>
	</hanjaVO>
	<hanjaVO>
		<h>驤</h>
		<idx>904</idx>
		<k>양</k>
		<m>달릴 양</m>
	</hanjaVO>
	<hanjaVO>
		<h>誅</h>
		<idx>905</idx>
		<k>주</k>
		<m>벨 주</m>
	</hanjaVO>
	<hanjaVO>
		<h>斬</h>
		<idx>906</idx>
		<k>참</k>
		<m>벨 참</m>
	</hanjaVO>
	<hanjaVO>
		<h>賊</h>
		<idx>907</idx>
		<k>적</k>
		<m>도적 적</m>
	</hanjaVO>
	<hanjaVO>
		<h>盜</h>
		<idx>908</idx>
		<k>도</k>
		<m>도적 도</m>
	</hanjaVO>
	<hanjaVO>
		<h>捕</h>
		<idx>909</idx>
		<k>포</k>
		<m>잡을 포</m>
	</hanjaVO>
	<hanjaVO>
		<h>獲</h>
		<idx>910</idx>
		<k>획</k>
		<m>얻을 획</m>
	</hanjaVO>
	<hanjaVO>
		<h>叛</h>
		<idx>911</idx>
		<k>반</k>
		<m>배반할 반</m>
	</hanjaVO>
	<hanjaVO>
		<h>亡</h>
		<idx>912</idx>
		<k>망</k>
		<m>망할 망/없을 무</m>
	</hanjaVO>
	<hanjaVO>
		<h>布</h>
		<idx>913</idx>
		<k>포</k>
		<m>베 포</m>
	</hanjaVO>
	<hanjaVO>
		<h>射</h>
		<idx>914</idx>
		<k>사</k>
		<m>쏠 사</m>
	</hanjaVO>
	<hanjaVO>
		<h>僚</h>
		<idx>915</idx>
		<k>료</k>
		<m>벗 료</m>
	</hanjaVO>
	<hanjaVO>
		<h>丸</h>
		<idx>916</idx>
		<k>환</k>
		<m>알 환</m>
	</hanjaVO>
	<hanjaVO>
		<h>嵇</h>
		<idx>917</idx>
		<k>혜</k>
		<m>산이름 혜</m>
	</hanjaVO>
	<hanjaVO>
		<h>琴</h>
		<idx>918</idx>
		<k>금</k>
		<m>거문고 금</m>
	</hanjaVO>
	<hanjaVO>
		<h>阮</h>
		<idx>919</idx>
		<k>완</k>
		<m>악기 완</m>
	</hanjaVO>
	<hanjaVO>
		<h>嘯</h>
		<idx>920</idx>
		<k>소</k>
		<m>휘파람 소</m>
	</hanjaVO>
	<hanjaVO>
		<h>恬</h>
		<idx>921</idx>
		<k>염</k>
		<m>편안 념</m>
	</hanjaVO>
	<hanjaVO>
		<h>筆</h>
		<idx>922</idx>
		<k>필</k>
		<m>붓 필</m>
	</hanjaVO>
	<hanjaVO>
		<h>倫</h>
		<idx>923</idx>
		<k>륜</k>
		<m>인륜 륜</m>
	</hanjaVO>
	<hanjaVO>
		<h>紙</h>
		<idx>924</idx>
		<k>지</k>
		<m>종이 지</m>
	</hanjaVO>
	<hanjaVO>
		<h>鈞</h>
		<idx>925</idx>
		<k>균</k>
		<m>고를 균</m>
	</hanjaVO>
	<hanjaVO>
		<h>巧</h>
		<idx>926</idx>
		<k>교</k>
		<m>공교할 교</m>
	</hanjaVO>
	<hanjaVO>
		<h>任</h>
		<idx>927</idx>
		<k>임</k>
		<m>맡길 임</m>
	</hanjaVO>
	<hanjaVO>
		<h>釣</h>
		<idx>928</idx>
		<k>조</k>
		<m>낚시 조</m>
	</hanjaVO>
	<hanjaVO>
		<h>釋</h>
		<idx>929</idx>
		<k>석</k>
		<m>놓을 석</m>
	</hanjaVO>
	<hanjaVO>
		<h>紛</h>
		<idx>930</idx>
		<k>분</k>
		<m>어지러울 분</m>
	</hanjaVO>
	<hanjaVO>
		<h>利</h>
		<idx>931</idx>
		<k>리</k>
		<m>이로울/날카로울 리</m>
	</hanjaVO>
	<hanjaVO>
		<h>俗</h>
		<idx>932</idx>
		<k>속</k>
		<m>풍속 속</m>
	</hanjaVO>
	<hanjaVO>
		<h>竝</h>
		<idx>933</idx>
		<k>병</k>
		<m>아우를 병</m>
	</hanjaVO>
	<hanjaVO>
		<h>皆</h>
		<idx>934</idx>
		<k>개</k>
		<m>다 개</m>
	</hanjaVO>
	<hanjaVO>
		<h>佳</h>
		<idx>935</idx>
		<k>가</k>
		<m>아름다울 가</m>
	</hanjaVO>
	<hanjaVO>
		<h>妙</h>
		<idx>936</idx>
		<k>묘</k>
		<m>묘할 묘</m>
	</hanjaVO>
	<hanjaVO>
		<h>毛</h>
		<idx>937</idx>
		<k>모</k>
		<m>털 모</m>
	</hanjaVO>
	<hanjaVO>
		<h>施</h>
		<idx>938</idx>
		<k>시</k>
		<m>베풀 시</m>
	</hanjaVO>
	<hanjaVO>
		<h>淑</h>
		<idx>939</idx>
		<k>숙</k>
		<m>맑을 숙</m>
	</hanjaVO>
	<hanjaVO>
		<h>姿</h>
		<idx>940</idx>
		<k>자</k>
		<m>모양 자</m>
	</hanjaVO>
	<hanjaVO>
		<h>工</h>
		<idx>941</idx>
		<k>공</k>
		<m>장인 공</m>
	</hanjaVO>
	<hanjaVO>
		<h>顰</h>
		<idx>942</idx>
		<k>빈</k>
		<m>찡그릴 빈</m>
	</hanjaVO>
	<hanjaVO>
		<h>姸</h>
		<idx>943</idx>
		<k>연</k>
		<m>고울 연</m>
	</hanjaVO>
	<hanjaVO>
		<h>笑</h>
		<idx>944</idx>
		<k>소</k>
		<m>웃을 소</m>
	</hanjaVO>
	<hanjaVO>
		<h>年</h>
		<idx>945</idx>
		<k>연</k>
		<m>해 년</m>
	</hanjaVO>
	<hanjaVO>
		<h>矢</h>
		<idx>946</idx>
		<k>시</k>
		<m>화살 시</m>
	</hanjaVO>
	<hanjaVO>
		<h>每</h>
		<idx>947</idx>
		<k>매</k>
		<m>매양 매</m>
	</hanjaVO>
	<hanjaVO>
		<h>催</h>
		<idx>948</idx>
		<k>최</k>
		<m>재촉 최</m>
	</hanjaVO>
	<hanjaVO>
		<h>曦</h>
		<idx>949</idx>
		<k>희</k>
		<m>햇빛 희</m>
	</hanjaVO>
	<hanjaVO>
		<h>暉</h>
		<idx>950</idx>
		<k>휘</k>
		<m>빛날 휘</m>
	</hanjaVO>
	<hanjaVO>
		<h>朗</h>
		<idx>951</idx>
		<k>낭</k>
		<m>밝을 랑</m>
	</hanjaVO>
	<hanjaVO>
		<h>耀</h>
		<idx>952</idx>
		<k>요</k>
		<m>빛날 요</m>
	</hanjaVO>
	<hanjaVO>
		<h>璇</h>
		<idx>953</idx>
		<k>선</k>
		<m>구슬 선</m>
	</hanjaVO>
	<hanjaVO>
		<h>璣</h>
		<idx>954</idx>
		<k>기</k>
		<m>구슬 기</m>
	</hanjaVO>
	<hanjaVO>
		<h>懸</h>
		<idx>955</idx>
		<k>현</k>
		<m>달 현</m>
	</hanjaVO>
	<hanjaVO>
		<h>斡</h>
		<idx>956</idx>
		<k>알</k>
		<m>빙빙돌 알</m>
	</hanjaVO>
	<hanjaVO>
		<h>晦</h>
		<idx>957</idx>
		<k>회</k>
		<m>그믐 회</m>
	</hanjaVO>
	<hanjaVO>
		<h>魄</h>
		<idx>958</idx>
		<k>백</k>
		<m>넋 백</m>
	</hanjaVO>
	<hanjaVO>
		<h>環</h>
		<idx>959</idx>
		<k>환</k>
		<m>고리 환</m>
	</hanjaVO>
	<hanjaVO>
		<h>照</h>
		<idx>960</idx>
		<k>조</k>
		<m>비칠 조</m>
	</hanjaVO>
	<hanjaVO>
		<h>指</h>
		<idx>961</idx>
		<k>지</k>
		<m>손가락 지</m>
	</hanjaVO>
	<hanjaVO>
		<h>薪</h>
		<idx>962</idx>
		<k>신</k>
		<m>섶나무 신</m>
	</hanjaVO>
	<hanjaVO>
		<h>修</h>
		<idx>963</idx>
		<k>수</k>
		<m>닦을 수</m>
	</hanjaVO>
	<hanjaVO>
		<h>祐</h>
		<idx>964</idx>
		<k>우</k>
		<m>복 우</m>
	</hanjaVO>
	<hanjaVO>
		<h>永</h>
		<idx>965</idx>
		<k>영</k>
		<m>길 영</m>
	</hanjaVO>
	<hanjaVO>
		<h>綏</h>
		<idx>966</idx>
		<k>수</k>
		<m>편안 수</m>
	</hanjaVO>
	<hanjaVO>
		<h>吉</h>
		<idx>967</idx>
		<k>길</k>
		<m>길할 길</m>
	</hanjaVO>
	<hanjaVO>
		<h>劭</h>
		<idx>968</idx>
		<k>소</k>
		<m>아름다울 소</m>
	</hanjaVO>
	<hanjaVO>
		<h>矩</h>
		<idx>969</idx>
		<k>구</k>
		<m>법 구</m>
	</hanjaVO>
	<hanjaVO>
		<h>步</h>
		<idx>970</idx>
		<k>보</k>
		<m>걸음 보</m>
	</hanjaVO>
	<hanjaVO>
		<h>引</h>
		<idx>971</idx>
		<k>인</k>
		<m>끌 인</m>
	</hanjaVO>
	<hanjaVO>
		<h>領</h>
		<idx>972</idx>
		<k>령</k>
		<m>거느릴 령</m>
	</hanjaVO>
	<hanjaVO>
		<h>俯</h>
		<idx>973</idx>
		<k>부</k>
		<m>굽을 부</m>
	</hanjaVO>
	<hanjaVO>
		<h>仰</h>
		<idx>974</idx>
		<k>앙</k>
		<m>우러를 앙</m>
	</hanjaVO>
	<hanjaVO>
		<h>廊</h>
		<idx>975</idx>
		<k>낭</k>
		<m>행랑 랑</m>
	</hanjaVO>
	<hanjaVO>
		<h>廟</h>
		<idx>976</idx>
		<k>묘</k>
		<m>사당 묘</m>
	</hanjaVO>
	<hanjaVO>
		<h>束</h>
		<idx>977</idx>
		<k>속</k>
		<m>묶을 속</m>
	</hanjaVO>
	<hanjaVO>
		<h>帶</h>
		<idx>978</idx>
		<k>대</k>
		<m>띠 대</m>
	</hanjaVO>
	<hanjaVO>
		<h>矜</h>
		<idx>979</idx>
		<k>긍</k>
		<m>자랑 긍</m>
	</hanjaVO>
	<hanjaVO>
		<h>莊</h>
		<idx>980</idx>
		<k>장</k>
		<m>씩씩할 장</m>
	</hanjaVO>
	<hanjaVO>
		<h>徘</h>
		<idx>981</idx>
		<k>배</k>
		<m>배회 배</m>
	</hanjaVO>
	<hanjaVO>
		<h>徊</h>
		<idx>982</idx>
		<k>회</k>
		<m>배회 회</m>
	</hanjaVO>
	<hanjaVO>
		<h>瞻</h>
		<idx>983</idx>
		<k>첨</k>
		<m>쳐다볼 첨</m>
	</hanjaVO>
	<hanjaVO>
		<h>眺</h>
		<idx>984</idx>
		<k>조</k>
		<m>바라볼 조</m>
	</hanjaVO>
	<hanjaVO>
		<h>孤</h>
		<idx>985</idx>
		<k>고</k>
		<m>외로울 고</m>
	</hanjaVO>
	<hanjaVO>
		<h>陋</h>
		<idx>986</idx>
		<k>루</k>
		<m>더러울 루</m>
	</hanjaVO>
	<hanjaVO>
		<h>寡</h>
		<idx>987</idx>
		<k>과</k>
		<m>적을 과</m>
	</hanjaVO>
	<hanjaVO>
		<h>聞</h>
		<idx>988</idx>
		<k>문</k>
		<m>들을 문</m>
	</hanjaVO>
	<hanjaVO>
		<h>愚</h>
		<idx>989</idx>
		<k>우</k>
		<m>어리석을 우</m>
	</hanjaVO>
	<hanjaVO>
		<h>蒙</h>
		<idx>990</idx>
		<k>몽</k>
		<m>어릴 몽</m>
	</hanjaVO>
	<hanjaVO>
		<h>等</h>
		<idx>991</idx>
		<k>등</k>
		<m>등급 등</m>
	</hanjaVO>
	<hanjaVO>
		<h>誚</h>
		<idx>992</idx>
		<k>초</k>
		<m>꾸짖을 초</m>
	</hanjaVO>
	<hanjaVO>
		<h>謂</h>
		<idx>993</idx>
		<k>위</k>
		<m>이를 위</m>
	</hanjaVO>
	<hanjaVO>
		<h>語</h>
		<idx>994</idx>
		<k>어</k>
		<m>말씀 어</m>
	</hanjaVO>
	<hanjaVO>
		<h>助</h>
		<idx>995</idx>
		<k>조</k>
		<m>도울 조</m>
	</hanjaVO>
	<hanjaVO>
		<h>者</h>
		<idx>996</idx>
		<k>자</k>
		<m>놈 자</m>
	</hanjaVO>
	<hanjaVO>
		<h>焉</h>
		<idx>997</idx>
		<k>언</k>
		<m>어찌 언</m>
	</hanjaVO>
	<hanjaVO>
		<h>哉</h>
		<idx>998</idx>
		<k>재</k>
		<m>어조사 재</m>
	</hanjaVO>
	<hanjaVO>
		<h>乎</h>
		<idx>999</idx>
		<k>호</k>
		<m>어조사 호</m>
	</hanjaVO>
	<hanjaVO>
		<h>也</h>
		<idx>1000</idx>
		<k>야</k>
		<m>어조사 야</m>
	</hanjaVO>
</hanjaList>