<?xml version="1.0" encoding="UTF-8"?>
<beans xmlns="http://www.springframework.org/schema/beans"
	xmlns:xsi="http://www.w3.org/2001/XMLSchema-instance"
	xmlns:aop="http://www.springframework.org/schema/aop"
	xsi:schemaLocation="http://www.springframework.org/schema/beans http://www.springframework.org/schema/beans/spring-beans.xsd
		http://www.springframework.org/schema/aop http://www.springframework.org/schema/aop/spring-aop-4.3.xsd">

	<!-- bean등록 -->
	<bean id="employeeService" class="kr.human.aop.service.EmployeeServiceImpl"/>

	<!-- AOP에 사용될 bean등록 -->
	<bean id="loggingAspectBean" class="kr.human.aop.aspect.EmployeeAspect"/>
	
	<!-- AOP설정 -->
	<aop:config>
		<!-- PointCut(적용될 위치) 정의 -->
		<!-- *	select*(..)-->
		<!-- 모든 타입/	EmployeeServiceImpl의 모든 메서드가 실행될때/	 -->
		<aop:pointcut expression="execution(* kr.human.aop.service.EmployeeServiceImpl.*(..))" id="loggingOperation"/>
		
		<!-- AOP 적용: Aspect -->
		<!-- 등록한 bean -->
		<aop:aspect id="loggingAspect" ref="loggingAspectBean">
			<!-- AOP Advice -->
			<!-- 메서드 실행 전후에 적용 -->
			<aop:around method="aroundTimeLog" pointcut-ref="loggingOperation"/>
		</aop:aspect>
		
	</aop:config>
</beans>
